time,rssi
0.0,-85
8.501548,-82
19.765543,-77
21.691755,-74
26.098046,-76
