time,rssi
780.559134,-77
782.31928,-97
783.132968,-91
785.060347,-81
785.610345,-81
786.439215,-82
786.73001,-79
788.079606,-85
791.375707,-78
793.026318,-91
794.394167,-78
794.671602,-80
