time,rssi
780.559134,-77
782.31928,-97
783.132968,-91
785.060347,-81
785.610345,-81
786.439215,-82
786.73001,-79
788.079606,-85
