time,rssi
780.559134,-77
782.31928,-97
783.132968,-91
785.060347,-81
785.610345,-81
786.439215,-82
786.73001,-79
788.079606,-85
791.375707,-78
793.026318,-91
794.394167,-78
794.671602,-80
795.771525,-79
796.041487,-79
798.786565,-79
803.724286,-78
804.277045,-79
806.731671,-82
807.005526,-88
807.284631,-79
807.564647,-89
807.838365,-87
811.6605,-78
812.210563,-78
814.125446,-75
816.879707,-77
817.430493,-75
818.256803,-76
