time,rssi
780.559134,-77
782.31928,-97
783.132968,-91
785.060347,-81
