time,rssi
780.559134,-85
782.31928,-87
783.132968,-85
785.060347,-83
