time,rssi
2355.999456,-68
2356.735356,-71
2357.275851,-75
2358.091319,-79
2362.176882,-68
2362.71381,-71
2363.802534,-71
2364.072529,-73
2364.344581,-74
2364.614879,-75
2365.155756,-75
2366.786271,-71
2367.073006,-71
2367.874092,-71
2368.146563,-71
2368.689315,-76
2370.052245,-76
2370.32309,-76
2370.595885,-76
