time,rssi
2355.999456,-74
2356.735356,-75
2357.275851,-74
2358.091319,-73
