time,rssi
2355.999456,-68
2356.735356,-71
2357.275851,-75
2358.091319,-79
