time,rssi
2001.630656,-78
2002.186819,-87
2003.280699,-92
2006.306342,-87
2006.851464,-82
2007.953366,-82
2008.776177,-84
2011.529753,-78
