time,rssi
2001.630656,-78
2002.186819,-87
2003.280699,-92
2006.306342,-87
