time,rssi
2001.630656,-78
2002.186819,-87
2003.280699,-92
2006.306342,-87
2006.851464,-82
2007.953366,-82
2008.776177,-84
2011.529753,-78
2011.801232,-78
2012.898324,-78
2014.827623,-86
2015.098872,-85
2016.473402,-86
