time,rssi
2001.630656,-82
2002.186819,-85
2003.280699,-85
2006.306342,-84
