time,rssi
0.0,-78
1.14502,-73
2.001201,-73
3.994964,-75
4.850175,-80
