time,rssi
0.0,-76
1.14502,-75
2.001201,-75
3.994964,-76
4.850175,-78
