time,rssi
0.0,-78
1.14502,-73
2.001201,-73
3.994964,-75
4.850175,-80
6.285057,-79
7.152561,-83
8.922089,-75
9.167588,-75
