time,rssi
0.0,-80
1.094761,-85
1.851558,-72
2.706569,-74
3.845422,-79
6.802268,-75
7.292206,-77
8.296171,-81
10.818353,-80
14.023518,-82
