time,rssi
0.0,-80
1.094761,-78
1.851558,-76
2.706569,-76
3.845422,-76
