time,rssi
0.0,-80
1.094761,-85
1.851558,-72
2.706569,-74
3.845422,-79
