time,rssi
0.0,-80
1.094761,-85
1.851558,-72
2.706569,-74
3.845422,-79
6.802268,-75
7.292206,-77
8.296171,-81
10.818353,-80
14.023518,-82
17.895414,-77
20.475595,-79
20.765848,-80
22.196606,-77
23.373131,-77
24.203837,-79
26.759208,-72
27.614177,-73
28.1854,-81
30.200386,-85
31.094834,-74
32.490612,-82
39.625513,-79
