time,rssi
2499.7689,-82
2501.481304,-79
2503.83183,-87
2504.066305,-84
2504.683199,-79
2505.791496,-92
2506.361231,-77
2507.511295,-86
2508.938771,-85
