time,rssi
2499.7689,-82
2501.481304,-79
2503.83183,-87
2504.066305,-84
2504.683199,-79
