time,rssi
2499.7689,-81
2501.481304,-82
2503.83183,-82
2504.066305,-83
2504.683199,-82
