time,rssi
2290.21943,-75
2290.809338,-87
2291.944953,-85
2292.798577,-84
2293.379725,-84
2295.399065,-86
2295.665796,-87
2296.893578,-79
2297.104735,-89
2299.995763,-86
