time,rssi
2290.21943,-75
2290.809338,-87
2291.944953,-85
2292.798577,-84
2293.379725,-84
