time,rssi
2290.21943,-75
2290.809338,-87
2291.944953,-85
2292.798577,-84
2293.379725,-84
2295.399065,-86
2295.665796,-87
2296.893578,-79
2297.104735,-89
2299.995763,-86
2301.121196,-80
2302.059947,-78
2302.847459,-74
2303.707592,-81
2304.562377,-82
