time,rssi
2290.21943,-80
2290.809338,-83
2291.944953,-83
2292.798577,-84
2293.379725,-84
