time,rssi
0.0,-73
0.254755,-70
0.814166,-68
1.960419,-66
2.246617,-67
2.819496,-67
3.66937,-69
3.956559,-70
