time,rssi
0.0,-68
0.254755,-67
0.814166,-71
1.960419,-62
2.246617,-68
2.819496,-66
3.66937,-69
3.956559,-71
5.147643,-72
5.686658,-73
5.97158,-68
7.141757,-76
7.984166,-77
8.843036,-81
9.410549,-79
12.557088,-72
13.98176,-78
