time,rssi
0.0,-68
0.254755,-67
0.814166,-71
1.960419,-62
2.246617,-68
2.819496,-66
3.66937,-69
3.956559,-71
