time,rssi
1521.76508,-78
1522.616379,-77
1523.186478,-76
1523.767967,-75
1524.629103,-74
1524.913837,-73
1526.093667,-73
