time,rssi
1521.76508,-76
1522.616379,-81
1523.186478,-76
1523.767967,-74
1524.629103,-75
1524.913837,-74
1526.093667,-70
