time,rssi
1521.76508,-76
1522.616379,-81
1523.186478,-76
1523.767967,-74
1524.629103,-75
1524.913837,-74
1526.093667,-70
1527.547599,-74
1528.352703,-74
1528.932691,-81
1530.918986,-81
1531.512861,-79
1532.384031,-76
1532.933974,-72
1533.501428,-71
1534.077833,-81
1534.357699,-76
1536.64401,-77
