time,rssi
2360.254603,-78
2360.535901,-77
2361.760231,-78
2361.978213,-78
2362.89859,-79
2363.115786,-76
2364.55956,-79
2365.698324,-84
2366.843428,-82
2368.048914,-83
2368.282204,-86
2368.851346,-83
