time,rssi
2360.254603,-78
2360.535901,-78
2361.760231,-78
2361.978213,-77
2362.89859,-77
2363.115786,-78
2364.55956,-80
