time,rssi
2280.396236,-81
2280.95975,-82
2283.251055,-83
2283.826108,-84
