time,rssi
2280.396236,-78
2280.95975,-83
2283.251055,-82
2283.826108,-84
2286.12486,-89
2288.426336,-83
2293.011244,-85
2293.895065,-84
2294.170306,-79
2295.036206,-86
