time,rssi
2280.396236,-78
2280.95975,-83
2283.251055,-82
2283.826108,-84
2286.12486,-89
2288.426336,-83
