time,rssi
1527.467873,-79
1528.319083,-79
1528.888818,-76
1530.901671,-79
1531.471559,-80
1531.750382,-82
1532.312801,-81
