time,rssi
1527.467873,-78
1528.319083,-81
1528.888818,-73
1530.901671,-80
1531.471559,-73
1531.750382,-88
1532.312801,-87
