time,rssi
2379.911436,-75
2380.48393,-76
2380.772626,-79
2381.050579,-80
2381.907645,-78
2384.471346,-79
2385.616454,-74
2385.906403,-85
2387.463023,-78
2388.176446,-82
2389.331406,-74
2389.902222,-76
