time,rssi
739.13833,-78
739.42337,-71
739.99968,-76
740.858325,-85
741.709603,-81
743.698433,-83
