time,rssi
2379.911436,-79
2380.48393,-79
2380.772626,-79
2381.050579,-79
2381.907645,-77
2384.471346,-78
