time,rssi
2379.911436,-75
2380.48393,-76
2380.772626,-79
2381.050579,-80
2381.907645,-78
2384.471346,-79
