time,rssi
739.13833,-78
739.42337,-71
739.99968,-76
740.858325,-85
741.709603,-81
743.698433,-83
744.274626,-80
745.137117,-81
745.425215,-78
749.715496,-82
749.984591,-80
755.139804,-73
755.99512,-82
756.286844,-86
756.57295,-81
758.29023,-79
759.442289,-73
760.873811,-70
761.452315,-77
763.459511,-69
765.176098,-77
766.040705,-73
768.326132,-85
771.459932,-81
776.621293,-88
778.051457,-83
