time,rssi
739.13833,-73
739.42337,-75
739.99968,-78
740.858325,-80
741.709603,-80
743.698433,-80
