time,rssi
0.0,-73
1.136305,-70
1.985111,-65
3.127476,-66
3.996363,-70
