time,rssi
0.0,-71
1.136305,-69
1.985111,-68
3.127476,-70
3.996363,-72
