time,rssi
2825.183347,-81
2825.754652,-79
2826.613332,-91
2827.475926,-73
2828.643211,-78
2828.912053,-81
2829.486026,-79
