time,rssi
2825.183347,-82
2825.754652,-81
2826.613332,-81
2827.475926,-78
2828.643211,-79
2828.912053,-79
2829.486026,-79
