time,rssi
2825.183347,-81
2825.754652,-79
2826.613332,-91
2827.475926,-73
2828.643211,-78
2828.912053,-81
2829.486026,-79
2830.632067,-79
2832.064635,-79
2832.638315,-77
2833.80844,-81
2834.357308,-87
2834.639764,-83
