time,rssi
0.0,-90
0.578292,-81
0.882192,-76
1.719766,-83
2.580666,-79
3.426949,-85
4.873394,-78
