time,rssi
0.0,-90
0.578292,-81
0.882192,-76
1.719766,-83
2.580666,-79
3.426949,-85
4.873394,-78
5.373456,-74
5.701013,-88
6.848505,-79
7.713736,-74
8.592004,-80
9.727103,-80
11.497205,-76
12.021277,-79
12.298446,-83
12.871936,-75
13.147125,-76
14.627195,-78
14.869542,-80
