time,rssi
0.0,-82
0.578292,-80
0.882192,-80
1.719766,-81
2.580666,-80
3.426949,-79
4.873394,-79
