time,rssi
0.0,-81
1.780081,-81
2.008584,-79
2.868771,-77
3.436273,-77
4.588609,-77
