time,rssi
0.0,-79
1.780081,-86
2.008584,-80
2.868771,-76
3.436273,-77
4.588609,-76
5.747534,-77
6.018676,-79
6.594862,-81
7.746019,-78
8.997935,-78
9.227672,-85
9.746287,-80
10.896115,-73
12.040062,-78
12.907159,-79
14.611531,-73
