time,rssi
0.0,-79
1.780081,-86
2.008584,-80
2.868771,-76
3.436273,-77
4.588609,-76
