time,rssi
3210.748745,-77
3211.033727,-78
3212.473725,-80
3213.675109,-81
3213.927731,-82
3214.192324,-81
3215.357126,-81
3215.61738,-81
