time,rssi
3210.748745,-74
3211.033727,-74
3212.473725,-80
3213.675109,-80
3213.927731,-87
3214.192324,-83
3215.357126,-82
3215.61738,-80
3216.475019,-84
3217.338667,-83
3218.885787,-78
3219.626289,-75
