time,rssi
0.0,-73
0.280927,-83
5.469427,-80
7.199577,-85
10.619426,-86
11.511721,-86
12.638209,-79
13.786193,-79
