time,rssi
0.0,-73
0.280927,-83
5.469427,-80
7.199577,-85
