time,rssi
0.0,-73
0.280927,-83
5.469427,-80
7.199577,-85
10.619426,-86
11.511721,-86
12.638209,-79
13.786193,-79
17.774473,-77
18.648379,-76
20.9587,-75
22.102422,-86
23.818186,-81
25.815938,-78
26.680669,-78
27.255859,-78
27.541938,-84
30.979319,-77
