time,rssi
0.0,-75
0.865164,-75
2.588807,-77
3.447511,-78
