time,rssi
0.0,-71
0.865164,-76
2.588807,-76
3.447511,-77
