time,rssi
0.0,-71
0.865164,-76
2.588807,-76
3.447511,-77
6.61128,-84
7.458752,-79
12.605105,-84
14.613895,-79
19.577207,-81
20.073661,-85
22.056492,-78
24.069096,-74
24.936923,-78
25.217795,-74
25.789393,-72
27.220326,-73
29.837922,-79
30.088543,-76
31.274679,-78
32.11405,-82
33.222877,-84
35.550743,-84
39.692986,-81
