time,rssi
3164.371104,-72
3165.521024,-72
3166.981262,-86
3167.229762,-72
3168.084864,-70
3169.243052,-78
