time,rssi
3164.371104,-76
3165.521024,-76
3166.981262,-76
3167.229762,-74
3168.084864,-75
3169.243052,-77
