time,rssi
3164.371104,-72
3165.521024,-72
3166.981262,-86
3167.229762,-72
3168.084864,-70
3169.243052,-78
3170.379915,-78
3171.244828,-82
3173.23495,-80
3174.383609,-79
3175.549431,-77
3175.809997,-76
3176.677539,-75
3178.383716,-73
