time,rssi
746.991593,-80
747.562815,-79
748.995453,-79
749.567213,-78
750.702969,-79
751.859189,-80
