time,rssi
746.991593,-85
747.562815,-78
748.995453,-80
749.567213,-81
750.702969,-79
751.859189,-76
