time,rssi
3210.472266,-77
3211.339736,-71
3212.49746,-82
3213.372527,-76
3213.678382,-77
3214.495978,-78
3215.639853,-80
3216.493441,-81
3217.631045,-72
3218.493365,-81
3218.769805,-85
3220.211154,-83
