time,rssi
3210.472266,-77
3211.339736,-71
3212.49746,-82
3213.372527,-76
3213.678382,-77
3214.495978,-78
