time,rssi
3210.472266,-76
3211.339736,-76
3212.49746,-77
3213.372527,-76
3213.678382,-77
3214.495978,-78
