time,rssi
2790.822325,-76
2791.396206,-79
2792.254606,-82
2792.534803,-71
2793.107328,-73
2793.408642,-70
2793.974749,-73
2794.541281,-89
2795.10737,-81
2795.959904,-73
2796.542423,-69
2796.828308,-74
2797.982438,-74
2798.851514,-79
2799.974832,-91
2800.862797,-80
2801.127294,-82
2801.989871,-81
2803.181153,-81
2803.441473,-84
2803.995506,-75
2804.300779,-86
2804.566095,-83
