time,rssi
2790.822325,-78
2791.396206,-77
2792.254606,-76
2792.534803,-73
2793.107328,-73
2793.408642,-75
2793.974749,-78
2794.541281,-79
2795.10737,-76
