time,rssi
2790.822325,-76
2791.396206,-79
2792.254606,-82
2792.534803,-71
2793.107328,-73
2793.408642,-70
2793.974749,-73
2794.541281,-89
2795.10737,-81
