time,rssi
3029.451155,-80
3030.31337,-80
3031.449798,-78
3033.181198,-77
3033.464832,-77
