time,rssi
3029.451155,-76
3030.31337,-79
3031.449798,-85
3033.181198,-77
3033.464832,-72
3035.241868,-82
3035.767219,-76
3036.042423,-79
3036.641579,-76
3037.18489,-82
3037.766647,-86
3040.069289,-88
3040.634939,-81
3042.081083,-79
3043.201322,-86
