time,rssi
3029.451155,-76
3030.31337,-79
3031.449798,-85
3033.181198,-77
3033.464832,-72
