time,rssi
2380.789749,-78
2381.352163,-77
2382.506038,-78
2383.362251,-77
2385.084781,-78
2385.367537,-76
