time,rssi
2380.789749,-79
2381.352163,-78
2382.506038,-80
2383.362251,-75
2385.084781,-80
2385.367537,-77
