time,rssi
741.665704,-92
742.243441,-81
743.094376,-81
744.529499,-82
745.116113,-81
745.954676,-81
746.870472,-78
747.112286,-78
747.384489,-78
748.250477,-74
748.53945,-91
749.11961,-81
750.551063,-80
750.827113,-84
751.4034,-79
752.838308,-77
753.40708,-74
754.260648,-81
755.968428,-80
