time,rssi
741.665704,-83
742.243441,-81
743.094376,-81
744.529499,-81
745.116113,-80
745.954676,-79
