time,rssi
741.665704,-92
742.243441,-81
743.094376,-81
744.529499,-82
745.116113,-81
745.954676,-81
