time,rssi
693.846426,-85
694.702677,-82
696.706431,-88
697.578463,-85
697.850127,-82
699.290351,-85
700.768422,-82
702.157159,-77
703.299259,-79
703.581329,-77
