time,rssi
693.846426,-83
694.702677,-83
696.706431,-84
697.578463,-83
697.850127,-83
