time,rssi
693.846426,-85
694.702677,-82
696.706431,-88
697.578463,-85
697.850127,-82
