time,rssi
0.0,-78
1.441315,-76
2.009942,-75
3.436326,-77
4.584353,-76
4.872181,-77
