time,rssi
0.0,-82
1.441315,-75
2.009942,-75
3.436326,-76
4.584353,-74
4.872181,-85
6.013767,-73
8.01414,-76
8.292972,-79
