time,rssi
0.0,-77
0.574011,-80
2.284935,-78
3.423831,-73
4.375955,-83
4.851569,-85
5.689068,-76
6.254254,-81
7.678945,-76
8.535156,-81
11.133921,-78
12.649988,-77
14.871346,-76
15.20802,-75
16.856398,-83
17.713803,-78
19.192438,-87
24.591466,-81
26.955346,-79
28.596515,-76
32.035176,-78
33.484671,-75
33.750325,-73
34.115036,-66
35.488548,-79
36.627767,-78
37.231511,-76
38.631622,-73
39.497961,-81
