time,rssi
0.0,-77
0.574011,-80
2.284935,-78
3.423831,-73
4.375955,-83
4.851569,-85
5.689068,-76
6.254254,-81
7.678945,-76
8.535156,-81
