time,rssi
0.0,-77
0.574011,-80
2.284935,-78
3.423831,-73
4.375955,-83
4.851569,-85
