time,rssi
0.0,-80
0.574011,-78
2.284935,-78
3.423831,-79
4.375955,-80
4.851569,-80
