time,rssi
727.037689,-82
727.895169,-81
728.793597,-84
729.916443,-86
730.780339,-76
731.643971,-78
732.792582,-70
734.027404,-71
734.21557,-77
734.793861,-70
735.943979,-65
736.806432,-67
737.952678,-70
738.80692,-68
739.381556,-72
739.974807,-70
741.093914,-72
741.966745,-81
