time,rssi
727.037689,-82
727.895169,-81
728.793597,-84
729.916443,-86
730.780339,-76
731.643971,-78
