time,rssi
727.037689,-81
727.895169,-82
728.793597,-81
729.916443,-80
730.780339,-77
731.643971,-75
