time,rssi
740.482354,-82
741.043686,-82
741.3336,-81
743.626204,-78
744.196222,-79
