time,rssi
740.482354,-81
741.043686,-83
741.3336,-88
743.626204,-76
744.196222,-78
