time,rssi
740.482354,-81
741.043686,-83
741.3336,-88
743.626204,-76
744.196222,-78
745.920044,-75
747.074055,-85
747.642573,-78
749.068899,-78
