time,rssi
949.22863,-81
950.374197,-78
951.800664,-77
952.706621,-79
953.233078,-85
953.518168,-75
