time,rssi
949.22863,-81
950.374197,-78
951.800664,-77
952.706621,-79
953.233078,-85
953.518168,-75
954.826099,-80
954.950591,-77
955.533523,-81
956.671921,-78
958.217279,-86
958.373062,-82
958.660654,-80
959.509362,-82
960.641805,-79
962.645648,-86
963.789309,-84
