time,rssi
949.22863,-78
950.374197,-77
951.800664,-79
952.706621,-79
953.233078,-79
953.518168,-78
