time,rssi
0.0,-75
8.162232,-80
10.589819,-74
