time,rssi
0.0,-75
8.162232,-80
10.589819,-74
15.197416,-86
17.464947,-76
20.056639,-76
21.009006,-75
22.904236,-78
