time,rssi
1587.391907,-83
1588.261889,-78
1589.682037,-77
1590.254946,-78
1591.404428,-75
1592.261065,-80
