time,rssi
1587.391907,-83
1588.261889,-78
1589.682037,-77
1590.254946,-78
1591.404428,-75
1592.261065,-80
1593.409579,-85
1594.878769,-87
1595.129847,-77
1595.720252,-80
1595.983244,-81
1596.55323,-79
