time,rssi
1587.391907,-79
1588.261889,-78
1589.682037,-77
1590.254946,-77
1591.404428,-78
1592.261065,-81
