time,rssi
1553.647168,-80
1553.941667,-83
1554.506014,-78
1555.090385,-67
1556.233337,-70
1557.092177,-67
1557.953404,-78
1558.234553,-75
1558.81465,-72
1559.108718,-80
1559.679595,-79
1560.247168,-81
1562.814988,-81
