time,rssi
1553.647168,-80
1553.941667,-77
1554.506014,-74
1555.090385,-71
1556.233337,-72
1557.092177,-72
1557.953404,-73
1558.234553,-74
