time,rssi
3097.326522,-78
3098.191481,-80
3099.335074,-78
3100.788025,-80
3101.056403,-77
3101.347652,-79
3102.212687,-72
