time,rssi
3097.326522,-78
3098.191481,-78
3099.335074,-78
3100.788025,-78
3101.056403,-76
3101.347652,-76
3102.212687,-76
