time,rssi
3097.326522,-78
3098.191481,-80
3099.335074,-78
3100.788025,-80
3101.056403,-77
3101.347652,-79
3102.212687,-72
3103.935517,-75
3104.501596,-81
3105.673482,-71
3105.950766,-80
3106.527855,-71
3107.384084,-79
3108.819083,-71
3109.961675,-86
3110.546473,-79
