time,rssi
3045.953897,-75
3046.809489,-74
3047.388593,-84
3048.243237,-77
3049.103588,-81
3049.689963,-83
3050.553,-82
3051.11844,-79
3051.969079,-77
3052.258993,-82
3052.834073,-78
3053.125152,-89
3053.995106,-74
3054.280131,-73
3056.023808,-80
3057.430281,-77
3058.294417,-78
3058.862839,-86
3059.722794,-79
