time,rssi
3045.953897,-75
3046.809489,-74
3047.388593,-84
3048.243237,-77
3049.103588,-81
3049.689963,-83
3050.553,-82
