time,rssi
3045.953897,-77
3046.809489,-77
3047.388593,-79
3048.243237,-79
3049.103588,-80
3049.689963,-80
3050.553,-79
