time,rssi
1375.835898,-73
1376.692125,-71
1377.549599,-74
1378.125421,-81
1378.410397,-76
1379.277119,-73
1379.558768,-77
1381.269657,-80
1382.413432,-74
1382.989625,-86
1384.690315,-77
1385.552131,-79
