time,rssi
1375.835898,-75
1376.692125,-75
1377.549599,-76
1378.125421,-76
1378.410397,-75
1379.277119,-76
1379.558768,-76
