time,rssi
2103.770098,-81
2104.179712,-81
2104.387918,-82
2105.210072,-80
2106.065061,-79
2107.779091,-79
2108.347601,-80
