time,rssi
2103.770098,-84
2104.179712,-75
2104.387918,-88
2105.210072,-82
2106.065061,-78
2107.779091,-79
2108.347601,-78
