time,rssi
2103.770098,-84
2104.179712,-75
2104.387918,-88
2105.210072,-82
2106.065061,-78
2107.779091,-79
2108.347601,-78
2109.213727,-82
2110.429003,-83
2110.924039,-81
2112.060483,-82
2114.069166,-86
2114.360011,-74
2116.066659,-84
2117.216444,-78
2117.507743,-80
2118.366804,-81
