time,rssi
767.259813,-78
768.969971,-82
770.111177,-84
770.69073,-76
771.824991,-86
772.406186,-78
773.5375,-85
774.701208,-73
775.546264,-80
776.702779,-80
777.548566,-77
779.27257,-76
779.563491,-77
781.221678,-79
781.294932,-81
