time,rssi
767.259813,-78
768.969971,-82
770.111177,-84
770.69073,-76
771.824991,-86
