time,rssi
767.259813,-82
768.969971,-81
770.111177,-81
770.69073,-80
771.824991,-82
