time,rssi
0.0,-78
1.130349,-78
3.141316,-78
3.432578,-78
4.644566,-77
