time,rssi
0.0,-77
1.130349,-79
3.141316,-78
3.432578,-78
4.644566,-78
