time,rssi
0.0,-77
1.130349,-79
3.141316,-78
3.432578,-78
4.644566,-78
17.757831,-78
18.614471,-73
19.767692,-75
20.897692,-80
22.334065,-73
23.860617,-77
24.913945,-78
28.378198,-77
29.790375,-79
32.675168,-78
