time,rssi
3055.506025,-73
3056.656021,-83
3057.522315,-82
3058.667367,-82
3059.821249,-83
