time,rssi
3055.506025,-78
3056.656021,-80
3057.522315,-81
3058.667367,-81
3059.821249,-81
