time,rssi
3055.506025,-73
3056.656021,-83
3057.522315,-82
3058.667367,-82
3059.821249,-83
3060.669798,-79
3061.519905,-84
3062.374018,-84
3063.223682,-78
3064.934152,-88
