time,rssi
3308.364395,-73
3309.221954,-73
3309.828772,-75
3310.630611,-74
3310.916784,-82
3312.083403,-85
3312.915555,-80
3314.050332,-74
3314.916783,-84
3316.064307,-77
3316.959164,-84
3317.213054,-85
3318.082669,-88
3318.649461,-84
3319.226948,-89
3320.084285,-80
3321.240721,-77
3322.095733,-83
3323.23937,-79
