time,rssi
3308.364395,-75
3309.221954,-74
3309.828772,-76
3310.630611,-78
3310.916784,-80
3312.083403,-79
3312.915555,-79
