time,rssi
3308.364395,-73
3309.221954,-73
3309.828772,-75
3310.630611,-74
3310.916784,-82
3312.083403,-85
3312.915555,-80
