time,rssi
0.0,-76
0.857523,-78
1.714986,-81
2.870017,-70
7.295819,-78
8.672143,-81
12.023839,-80
13.187772,-81
14.043328,-76
