time,rssi
0.0,-76
0.857523,-75
1.714986,-76
2.870017,-76
