time,rssi
0.0,-76
0.857523,-78
1.714986,-81
2.870017,-70
7.295819,-78
8.672143,-81
12.023839,-80
13.187772,-81
14.043328,-76
16.332708,-75
17.762986,-78
18.616525,-78
19.47403,-74
20.379159,-73
20.616508,-70
21.470197,-77
22.339606,-70
23.18661,-68
26.171026,-76
26.918921,-83
27.481286,-83
29.470391,-78
