time,rssi
1454.904196,-75
1456.054252,-77
1456.9129,-76
1458.072989,-78
1458.942601,-78
1459.230439,-79
