time,rssi
1454.904196,-71
1456.054252,-83
1456.9129,-77
1458.072989,-78
1458.942601,-75
1459.230439,-85
1460.703972,-76
1460.951597,-81
1462.388019,-84
1463.24093,-83
1464.960523,-87
1466.106646,-81
1467.548553,-79
1468.423532,-87
1469.564314,-77
1469.834287,-73
