time,rssi
1454.904196,-71
1456.054252,-83
1456.9129,-77
1458.072989,-78
1458.942601,-75
1459.230439,-85
