time,rssi
0.0,-76
0.857523,-78
1.714986,-81
2.870017,-70
