time,rssi
0.0,-79
1.149927,-74
1.723688,-75
4.296283,-77
