time,rssi
0.0,-79
1.149927,-74
1.723688,-75
4.296283,-77
5.43506,-80
6.131952,-80
6.289995,-79
7.725196,-82
8.872621,-86
