time,rssi
0.0,-76
1.149927,-75
1.723688,-76
4.296283,-77
