time,rssi
0.0,-79
1.149927,-74
1.723688,-75
4.296283,-77
5.43506,-80
6.131952,-80
6.289995,-79
7.725196,-82
8.872621,-86
11.738901,-84
12.026251,-84
16.747973,-82
19.472819,-74
20.405936,-78
20.907657,-78
21.196583,-72
22.341598,-82
24.643004,-78
24.964744,-86
25.779,-78
26.636563,-79
27.49151,-83
28.403204,-77
31.787792,-82
33.782825,-77
38.417317,-76
38.630663,-83
39.776885,-76
