time,rssi
2266.235743,-82
2267.386825,-81
2268.244704,-76
2269.3956,-81
2270.54569,-70
2271.978149,-83
2272.839435,-79
2273.693262,-74
2274.561885,-80
2275.710703,-71
