time,rssi
2266.235743,-79
2267.386825,-79
2268.244704,-77
2269.3956,-78
2270.54569,-77
