time,rssi
2266.235743,-82
2267.386825,-81
2268.244704,-76
2269.3956,-81
2270.54569,-70
