time,rssi
1514.549758,-83
1516.481661,-84
1516.560999,-81
1517.424815,-80
1518.277506,-80
1519.419832,-82
