time,rssi
1514.549758,-79
1516.481661,-95
1516.560999,-83
1517.424815,-79
1518.277506,-80
1519.419832,-77
1520.578067,-84
1522.002335,-91
1522.291113,-88
1523.472798,-82
1523.719848,-85
