time,rssi
3118.498007,-80
3119.070509,-73
3119.926744,-84
3120.782953,-77
3121.65431,-83
3123.09659,-86
