time,rssi
3118.498007,-79
3119.070509,-78
3119.926744,-80
3120.782953,-80
3121.65431,-81
3123.09659,-81
