time,rssi
3118.498007,-80
3119.070509,-73
3119.926744,-84
3120.782953,-77
3121.65431,-83
3123.09659,-86
3123.6505,-80
3123.940533,-80
3125.37055,-82
3126.234351,-81
3127.084254,-77
