time,rssi
2239.261009,-65
2240.125941,-65
2240.708489,-70
2241.267177,-72
2242.406017,-75
2243.546399,-72
2243.832274,-74
