time,rssi
2239.261009,-63
2240.125941,-63
2240.708489,-63
2241.267177,-70
2242.406017,-88
2243.546399,-71
2243.832274,-74
2244.403025,-70
2246.405958,-80
2247.574331,-74
2247.841111,-85
2249.553947,-81
2250.406747,-78
2251.837451,-78
