time,rssi
2239.261009,-63
2240.125941,-63
2240.708489,-63
2241.267177,-70
2242.406017,-88
2243.546399,-71
2243.832274,-74
