time,rssi
0.0,-76
1.165233,-86
1.72263,-75
2.577545,-71
3.491761,-73
3.732537,-76
5.451363,-84
5.735032,-80
7.159758,-78
8.356968,-74
8.601351,-80
9.190736,-78
9.455136,-77
10.606431,-77
13.190261,-74
14.062392,-79
