time,rssi
0.0,-76
1.165233,-86
1.72263,-75
2.577545,-71
3.491761,-73
3.732537,-76
