time,rssi
0.0,-78
1.165233,-78
1.72263,-75
2.577545,-74
3.491761,-76
3.732537,-78
