time,rssi
1481.348407,-82
1482.48464,-82
1483.055014,-82
1485.06089,-82
