time,rssi
1481.348407,-83
1482.48464,-86
1483.055014,-80
1485.06089,-83
1486.488511,-84
1487.384518,-80
1488.20851,-85
1489.933477,-82
1490.207213,-90
1491.627241,-81
1492.510163,-79
1493.630969,-85
