time,rssi
1481.348407,-83
1482.48464,-86
1483.055014,-80
1485.06089,-83
