time,rssi
1720.699636,-78
1721.559841,-81
1722.133531,-85
1722.993495,-82
1724.190374,-84
1724.715895,-80
1725.569767,-85
1726.427173,-85
1727.289719,-81
1729.722891,-74
1730.187186,-78
1730.442138,-80
