time,rssi
1720.699636,-80
1721.559841,-81
1722.133531,-82
1722.993495,-81
1724.190374,-82
1724.715895,-82
1725.569767,-83
