time,rssi
1720.699636,-78
1721.559841,-81
1722.133531,-85
1722.993495,-82
1724.190374,-84
1724.715895,-80
1725.569767,-85
