time,rssi
773.71537,-75
774.294358,-82
776.58539,-82
777.451483,-81
778.586635,-87
