time,rssi
773.71537,-75
774.294358,-82
776.58539,-82
777.451483,-81
778.586635,-87
779.439242,-84
780.616908,-81
781.157803,-74
781.73165,-90
783.161697,-83
784.016686,-86
784.871663,-80
786.243287,-77
786.297871,-79
788.299304,-75
