time,rssi
773.71537,-78
774.294358,-80
776.58539,-81
777.451483,-82
778.586635,-83
