time,rssi
1533.360654,-78
1534.220361,-79
1535.365769,-79
1535.653511,-78
1536.517115,-78
1537.682937,-78
