time,rssi
1533.360654,-78
1534.220361,-80
1535.365769,-76
1535.653511,-82
1536.517115,-80
1537.682937,-72
1539.3692,-84
1540.800582,-79
1541.376658,-76
1542.549129,-90
1542.808012,-78
