time,rssi
0.0,-76
1.14507,-79
7.505851,-79
8.610112,-77
10.030161,-79
