time,rssi
0.0,-78
0.288848,-79
1.145006,-79
2.577405,-78
3.426265,-78
4.329986,-80
