time,rssi
0.0,-78
0.288848,-74
1.145006,-85
2.577405,-81
3.426265,-73
4.329986,-79
