time,rssi
0.0,-78
0.288848,-74
1.145006,-85
2.577405,-81
3.426265,-73
4.329986,-79
5.157827,-85
6.291233,-80
7.438709,-74
8.299102,-84
9.736347,-83
11.161341,-79
11.464931,-83
12.027549,-80
13.195748,-82
13.74141,-78
