time,rssi
2328.182019,-78
2329.346022,-88
2329.610768,-73
2330.178228,-84
2331.324592,-79
2332.184318,-79
2333.039983,-80
2335.024586,-77
2335.309574,-84
2336.472637,-74
2336.727017,-80
2337.628403,-73
2339.023259,-86
2339.309524,-83
2340.738366,-77
2341.625238,-78
2342.212172,-85
2342.761097,-82
2343.029481,-77
