time,rssi
2328.182019,-78
2329.346022,-88
2329.610768,-73
2330.178228,-84
2331.324592,-79
2332.184318,-79
2333.039983,-80
