time,rssi
2328.182019,-79
2329.346022,-80
2329.610768,-79
2330.178228,-80
2331.324592,-79
2332.184318,-79
2333.039983,-79
