time,rssi
2976.496626,-78
2977.068648,-78
2978.220017,-80
2979.366021,-81
2979.935942,-82
