time,rssi
2976.496626,-81
2977.068648,-76
2978.220017,-79
2979.366021,-82
2979.935942,-85
2981.939839,-83
2982.223538,-84
2984.234418,-79
