time,rssi
2976.496626,-81
2977.068648,-76
2978.220017,-79
2979.366021,-82
2979.935942,-85
2981.939839,-83
2982.223538,-84
2984.234418,-79
2987.383881,-88
2988.246177,-73
2989.398987,-83
2990.818971,-82
