time,rssi
1596.391834,-79
1596.678523,-78
1597.811288,-79
1598.6686,-78
1600.138251,-78
1600.964841,-78
