time,rssi
1596.391834,-84
1596.678523,-74
1597.811288,-83
1598.6686,-77
1600.138251,-80
1600.964841,-80
1602.388576,-77
1603.251162,-77
1604.679867,-77
1604.970452,-79
