time,rssi
1596.391834,-84
1596.678523,-74
1597.811288,-83
1598.6686,-77
1600.138251,-80
1600.964841,-80
1602.388576,-77
1603.251162,-77
1604.679867,-77
1604.970452,-79
1606.396164,-79
1608.393754,-86
1609.528718,-84
1610.102397,-75
1610.999714,-88
1611.251167,-87
