time,rssi
817.045612,-83
817.333166,-80
817.910717,-79
818.76186,-84
819.340171,-87
820.759484,-87
821.623261,-77
822.495713,-82
823.35992,-83
823.914348,-76
824.778418,-81
825.35741,-84
826.513308,-93
828.233283,-79
829.958055,-75
830.530195,-83
831.683374,-90
