time,rssi
817.045612,-83
817.333166,-80
817.910717,-79
818.76186,-84
819.340171,-87
820.759484,-87
821.623261,-77
