time,rssi
817.045612,-80
817.333166,-80
817.910717,-82
818.76186,-84
819.340171,-83
820.759484,-82
821.623261,-81
