time,rssi
2872.978811,-85
2874.99472,-81
2875.261265,-88
2877.549289,-85
2878.677643,-83
2879.533842,-83
2881.253986,-80
2882.456994,-73
2882.688803,-84
2883.545181,-74
2884.39754,-75
2885.254148,-73
2886.686405,-88
