time,rssi
2872.978811,-82
2874.99472,-83
2875.261265,-84
2877.549289,-83
