time,rssi
2872.978811,-85
2874.99472,-81
2875.261265,-88
2877.549289,-85
