time,rssi
872.965183,-80
873.831459,-74
874.405205,-79
875.541705,-89
876.993534,-84
877.542144,-76
877.827733,-78
