time,rssi
872.965183,-77
873.831459,-79
874.405205,-81
875.541705,-81
876.993534,-80
877.542144,-78
877.827733,-79
