time,rssi
872.965183,-80
873.831459,-74
874.405205,-79
875.541705,-89
876.993534,-84
877.542144,-76
877.827733,-78
878.689114,-77
878.983525,-83
879.560461,-79
879.845181,-70
880.705888,-79
882.410514,-82
