time,rssi
2442.445056,-84
2443.834648,-89
2444.972109,-83
2445.834752,-84
2446.763884,-82
2446.988394,-89
