time,rssi
2442.445056,-83
2443.834648,-84
2444.972109,-83
2445.834752,-84
2446.763884,-84
2446.988394,-82
