time,rssi
2442.445056,-84
2443.834648,-89
2444.972109,-83
2445.834752,-84
2446.763884,-82
2446.988394,-89
2447.847141,-82
2450.132453,-75
2451.276006,-77
2452.13336,-80
2453.673879,-73
2455.007214,-78
2455.275905,-77
2455.587447,-84
2456.134548,-80
2457.123005,-79
