time,rssi
740.222216,-78
740.50471,-77
741.372214,-77
742.557423,-77
743.934779,-77
744.791102,-77
