time,rssi
740.222216,-80
740.50471,-81
741.372214,-76
742.557423,-76
743.934779,-81
744.791102,-76
746.023145,-78
746.222267,-81
747.368579,-83
748.802378,-84
749.943757,-81
751.373688,-79
751.65593,-88
753.444592,-79
753.674422,-75
754.23596,-75
