time,rssi
740.222216,-80
740.50471,-81
741.372214,-76
742.557423,-76
743.934779,-81
744.791102,-76
