time,rssi
0.0,-78
0.289959,-86
0.612568,-72
1.41619,-74
2.562556,-68
3.409865,-62
4.843809,-70
5.41632,-77
6.840082,-75
7.992617,-76
8.556503,-78
10.298312,-82
10.586747,-76
11.146523,-80
12.013893,-82
12.595476,-78
13.731437,-79
14.872667,-83
