time,rssi
0.0,-78
0.289959,-78
0.612568,-74
1.41619,-71
2.562556,-69
3.409865,-69
4.843809,-72
