time,rssi
0.0,-78
0.289959,-86
0.612568,-72
1.41619,-74
2.562556,-68
3.409865,-62
4.843809,-70
5.41632,-77
6.840082,-75
7.992617,-76
8.556503,-78
