time,rssi
738.417993,-81
739.275469,-81
741.280794,-75
743.279465,-85
