time,rssi
738.417993,-81
739.275469,-81
741.280794,-75
743.279465,-85
745.012809,-81
745.560629,-87
746.416787,-80
747.82809,-84
