time,rssi
1700.470902,-79
1700.757046,-76
1701.897119,-75
1703.899635,-80
1705.044866,-79
1705.919186,-81
1710.488611,-79
1713.91481,-80
1714.199571,-81
