time,rssi
1700.470902,-76
1700.757046,-76
1701.897119,-77
1703.899635,-78
1705.044866,-78
