time,rssi
1700.470902,-79
1700.757046,-76
1701.897119,-75
1703.899635,-80
1705.044866,-79
1705.919186,-81
1710.488611,-79
1713.91481,-80
1714.199571,-81
1716.51147,-79
1717.618453,-79
1719.333371,-76
1720.551821,-88
1722.757217,-74
1723.372992,-71
1723.902103,-79
1724.471477,-65
1724.758442,-77
1726.086019,-73
1727.328781,-76
1728.469577,-81
1730.454607,-76
1732.468864,-86
1733.902278,-81
1735.329806,-80
1737.0472,-76
1738.462379,-79
