time,rssi
616.460556,-78
617.318006,-88
619.328107,-77
619.607948,-79
621.60293,-79
622.175549,-81
623.0381,-82
623.904666,-80
624.475377,-71
624.755428,-72
625.323126,-71
626.181826,-80
