time,rssi
616.460556,-81
617.318006,-81
619.328107,-79
619.607948,-79
