time,rssi
616.460556,-78
617.318006,-88
619.328107,-77
619.607948,-79
