time,rssi
0.0,-77
0.866263,-80
2.099145,-77
3.443716,-82
3.724806,-80
4.872363,-79
5.734067,-76
8.313842,-78
8.917619,-78
11.725167,-80
12.010178,-80
14.295216,-78
16.004058,-77
17.518797,-78
18.293837,-75
19.15255,-75
20.581448,-76
21.155267,-80
23.951231,-76
25.734011,-73
26.596453,-79
29.750258,-81
32.57629,-78
33.485438,-75
33.717608,-75
34.574006,-74
35.729767,-78
36.109808,-83
36.86768,-72
37.722598,-78
39.157713,-77
39.811093,-75
