time,rssi
0.0,-77
0.866263,-78
2.099145,-78
3.443716,-79
3.724806,-78
4.872363,-78
