time,rssi
0.0,-77
0.866263,-80
2.099145,-77
3.443716,-82
3.724806,-80
4.872363,-79
