time,rssi
747.000345,-81
747.859113,-81
749.001623,-80
750.219998,-80
750.714092,-79
750.995251,-78
