time,rssi
747.000345,-83
747.859113,-84
749.001623,-80
750.219998,-80
750.714092,-82
750.995251,-77
752.420428,-78
753.300173,-79
753.629647,-83
754.155781,-81
754.716809,-72
755.849143,-75
756.135375,-75
