time,rssi
747.000345,-83
747.859113,-84
749.001623,-80
750.219998,-80
750.714092,-82
750.995251,-77
