time,rssi
1543.874948,-80
1545.032581,-79
1545.89014,-81
1547.044137,-82
1547.923926,-84
