time,rssi
1543.874948,-80
1545.032581,-80
1545.89014,-82
1547.044137,-76
1547.923926,-92
1549.041336,-82
1549.908861,-86
1551.451367,-83
1551.740864,-83
1552.810257,-77
1553.34896,-78
