time,rssi
1543.874948,-80
1545.032581,-80
1545.89014,-82
1547.044137,-76
1547.923926,-92
