time,rssi
3131.439671,-82
3132.016882,-81
3132.294522,-80
3133.440904,-82
3134.588444,-82
3135.16319,-83
