time,rssi
3131.439671,-82
3132.016882,-80
3132.294522,-78
3133.440904,-82
3134.588444,-81
3135.16319,-87
3136.88331,-83
3139.460928,-83
3140.323339,-86
