time,rssi
3131.439671,-82
3132.016882,-80
3132.294522,-78
3133.440904,-82
3134.588444,-81
3135.16319,-87
3136.88331,-83
3139.460928,-83
3140.323339,-86
3141.481979,-80
3142.333306,-74
3143.487669,-81
3144.065924,-74
3144.927231,-77
3145.808245,-81
3146.346242,-82
