time,rssi
1565.187334,-78
1565.770969,-79
1566.052749,-79
1566.337537,-81
1567.489963,-82
1568.346231,-83
1569.785133,-86
