time,rssi
1565.187334,-76
1565.770969,-80
1566.052749,-83
1566.337537,-78
1567.489963,-81
1568.346231,-88
1569.785133,-85
