time,rssi
1565.187334,-76
1565.770969,-80
1566.052749,-83
1566.337537,-78
1567.489963,-81
1568.346231,-88
1569.785133,-85
1573.222631,-82
1573.527541,-98
1573.791656,-79
1574.363811,-83
1574.972203,-87
1575.534245,-86
1575.799044,-88
1576.088051,-83
1576.368574,-85
1577.229023,-86
1577.805192,-84
1579.236465,-83
1579.527623,-82
