time,rssi
2090.783698,-76
2092.224599,-80
2092.784904,-80
2093.069774,-75
2093.649914,-87
2094.499814,-85
2095.678876,-83
