time,rssi
2090.783698,-78
2092.224599,-78
2092.784904,-79
2093.069774,-80
2093.649914,-82
2094.499814,-82
2095.678876,-81
