time,rssi
2265.766666,-76
2267.213857,-83
2268.059861,-85
2269.775534,-75
2270.351852,-77
2270.628056,-81
