time,rssi
2265.766666,-80
2267.213857,-80
2268.059861,-79
2269.775534,-78
2270.351852,-80
2270.628056,-82
