time,rssi
2265.766666,-76
2267.213857,-83
2268.059861,-85
2269.775534,-75
2270.351852,-77
2270.628056,-81
2270.91171,-86
2271.486843,-89
2272.37771,-77
2273.193628,-75
2274.339297,-79
2275.218656,-80
2276.36284,-84
2277.215619,-82
2279.217209,-75
2279.49182,-78
2279.782212,-83
2280.061821,-86
2280.634413,-86
