time,rssi
2297.815978,-81
2298.959761,-81
2299.810336,-83
2300.102206,-83
2300.959678,-84
2302.386212,-82
