time,rssi
2297.815978,-90
2298.959761,-79
2299.810336,-82
2300.102206,-85
2300.959678,-89
2302.386212,-80
