time,rssi
2297.815978,-90
2298.959761,-79
2299.810336,-82
2300.102206,-85
2300.959678,-89
2302.386212,-80
2302.966709,-86
2303.542311,-78
2304.410317,-79
2304.683631,-78
2304.974648,-75
2306.126405,-79
2306.404846,-82
2307.007979,-85
2308.698702,-87
2309.571972,-79
2310.132231,-80
2311.630366,-78
2312.458333,-80
