time,rssi
901.611618,-82
902.686546,-82
903.037975,-82
904.18351,-79
904.469119,-80
905.326709,-79
906.196198,-80
