time,rssi
901.611618,-77
902.686546,-85
903.037975,-89
904.18351,-77
904.469119,-81
905.326709,-73
906.196198,-86
