time,rssi
901.611618,-77
902.686546,-85
903.037975,-89
904.18351,-77
904.469119,-81
905.326709,-73
906.196198,-86
906.755397,-79
907.369129,-78
907.612879,-80
908.47176,-72
909.648072,-76
910.468004,-81
911.79932,-79
912.478294,-85
914.503021,-89
915.402459,-80
915.648142,-85
