time,rssi
684.005189,-83
686.016462,-80
686.59268,-80
687.161477,-81
688.317731,-82
690.591555,-81
691.452752,-77
692.026801,-82
693.164828,-82
693.460509,-91
694.602741,-75
697.180126,-79
698.618984,-78
