time,rssi
684.005189,-80
686.016462,-80
686.59268,-80
687.161477,-80
688.317731,-80
