time,rssi
684.005189,-83
686.016462,-80
686.59268,-80
687.161477,-81
688.317731,-82
