time,rssi
1541.190112,-74
1541.762543,-81
1542.054414,-87
1542.33295,-72
1542.907586,-75
1543.792367,-68
1544.340022,-95
1544.907471,-73
1545.491255,-85
1546.624349,-76
1547.47661,-82
1548.3639,-82
1548.616288,-94
1549.471347,-87
1551.466222,-77
1552.317422,-89
1553.462635,-77
1555.459778,-83
