time,rssi
1541.190112,-78
1541.762543,-78
1542.054414,-78
1542.33295,-74
1542.907586,-78
1543.792367,-77
1544.340022,-81
1544.907471,-78
1545.491255,-80
