time,rssi
1541.190112,-74
1541.762543,-81
1542.054414,-87
1542.33295,-72
1542.907586,-75
1543.792367,-68
1544.340022,-95
1544.907471,-73
1545.491255,-85
