time,rssi
3111.768569,-78
3113.771679,-77
3114.908623,-79
3120.067329,-80
3122.910331,-80
