time,rssi
3111.768569,-77
3113.771679,-78
3114.908623,-78
