time,rssi
2090.250211,-69
2090.574039,-77
2090.826525,-76
2091.695534,-68
2092.555108,-73
2093.702823,-79
2094.551656,-72
2096.264128,-79
2096.842749,-80
