time,rssi
2090.250211,-69
2090.574039,-77
2090.826525,-76
2091.695534,-68
2092.555108,-73
2093.702823,-79
2094.551656,-72
2096.264128,-79
2096.842749,-80
2100.260483,-78
2100.845026,-81
2101.157986,-82
2101.696756,-84
2103.130471,-77
2103.99297,-83
2104.869124,-83
