time,rssi
2965.747575,-83
2966.036273,-82
2967.181435,-82
2968.046343,-82
2970.050631,-81
2970.61476,-81
