time,rssi
2090.250211,-72
2090.574039,-72
2090.826525,-72
2091.695534,-72
2092.555108,-73
2093.702823,-75
2094.551656,-75
