time,rssi
2965.747575,-89
2966.036273,-79
2967.181435,-84
2968.046343,-86
2970.050631,-78
2970.61476,-85
