time,rssi
2965.747575,-89
2966.036273,-79
2967.181435,-84
2968.046343,-86
2970.050631,-78
2970.61476,-85
2972.620221,-80
2974.622736,-81
2975.479021,-87
2976.627834,-75
2977.211852,-80
2978.656458,-73
2979.219193,-76
2980.075337,-72
2980.665675,-67
