time,rssi
702.926447,-82
703.701487,-76
705.733846,-93
706.566541,-89
707.727329,-86
