time,rssi
702.926447,-83
703.701487,-84
705.733846,-87
706.566541,-86
707.727329,-84
