time,rssi
702.926447,-82
703.701487,-76
705.733846,-93
706.566541,-89
707.727329,-86
707.996484,-86
709.717742,-79
710.847363,-89
711.720258,-88
712.865332,-83
714.397356,-91
715.144073,-81
716.019929,-83
716.568381,-89
