time,rssi
698.301333,-79
699.727801,-82
700.308268,-82
701.15892,-81
702.582792,-78
