time,rssi
698.301333,-78
699.727801,-82
700.308268,-87
701.15892,-86
702.582792,-78
