time,rssi
698.301333,-78
699.727801,-82
700.308268,-87
701.15892,-86
702.582792,-78
703.475953,-78
703.718965,-73
705.145536,-76
705.713954,-83
706.860381,-73
707.721004,-71
708.86543,-84
709.778283,-77
710.015271,-79
710.58662,-80
711.743971,-79
