time,rssi
1589.881757,-77
1591.321743,-79
1592.201803,-81
1592.475475,-81
