time,rssi
1589.881757,-77
1591.321743,-79
1592.201803,-81
1592.475475,-81
1595.0466,-85
1596.475477,-81
1597.333077,-74
1599.064947,-78
1599.336837,-79
1601.909399,-77
1602.196886,-79
1603.344762,-81
1604.493152,-76
