time,rssi
1509.480018,-82
1510.902587,-81
1512.622572,-81
1513.752503,-81
