time,rssi
1509.480018,-88
1510.902587,-77
1512.622572,-83
1513.752503,-83
1514.608733,-76
1515.501504,-86
1515.760197,-80
1516.620084,-84
1517.477363,-76
1518.912656,-93
1520.05376,-82
1520.63534,-85
1520.910095,-77
1522.049104,-78
1522.905134,-77
1524.476525,-71
