time,rssi
1509.480018,-88
1510.902587,-77
1512.622572,-83
1513.752503,-83
