time,rssi
1509.480018,-88
1510.902587,-77
1512.622572,-83
1513.752503,-83
1514.608733,-76
1515.501504,-86
1515.760197,-80
1516.620084,-84
1517.477363,-76
1518.912656,-93
