time,rssi
2336.352955,-84
2337.206608,-74
2338.356657,-86
2339.505503,-86
2340.637896,-77
2341.771714,-84
2342.634506,-74
2342.919145,-78
2343.2092,-88
2344.356302,-77
2344.632958,-83
2346.086049,-82
2346.626663,-82
2347.484236,-78
2348.633042,-82
2349.777908,-79
2350.354798,-76
