time,rssi
2336.352955,-79
2337.206608,-80
2338.356657,-81
2339.505503,-81
2340.637896,-79
