time,rssi
2336.352955,-84
2337.206608,-74
2338.356657,-86
2339.505503,-86
2340.637896,-77
