time,rssi
795.074224,-78
796.494422,-76
796.786858,-78
798.531515,-80
799.659436,-81
