time,rssi
795.074224,-80
796.494422,-75
796.786858,-77
798.531515,-74
799.659436,-85
800.279426,-89
800.525442,-74
801.100146,-82
801.949688,-78
802.801829,-82
803.380703,-79
