time,rssi
795.074224,-80
796.494422,-75
796.786858,-77
798.531515,-74
799.659436,-85
