time,rssi
3260.566362,-83
3261.715234,-85
3262.861579,-84
3263.71538,-83
3264.867753,-81
