time,rssi
3260.566362,-80
3261.715234,-85
3262.861579,-87
3263.71538,-87
3264.867753,-80
