time,rssi
3260.566362,-80
3261.715234,-85
3262.861579,-87
3263.71538,-87
3264.867753,-80
3265.726541,-80
3266.292702,-82
3268.010552,-78
3268.298298,-83
3269.149071,-75
3269.439031,-85
