time,rssi
3048.203646,-80
3048.816951,-79
3049.071492,-79
3049.651119,-77
3050.793472,-78
3051.654878,-76
3052.522447,-79
3052.803537,-79
