time,rssi
3048.203646,-78
3048.816951,-80
3049.071492,-82
3049.651119,-74
3050.793472,-81
3051.654878,-74
3052.522447,-81
3052.803537,-72
