time,rssi
2279.909926,-82
2280.479956,-82
2281.336181,-81
2282.484851,-82
2283.68427,-83
2283.923523,-84
2284.507175,-82
