time,rssi
2279.909926,-83
2280.479956,-81
2281.336181,-85
2282.484851,-82
2283.68427,-77
2283.923523,-92
2284.507175,-83
