time,rssi
2279.909926,-83
2280.479956,-81
2281.336181,-85
2282.484851,-82
2283.68427,-77
2283.923523,-92
2284.507175,-83
2285.364909,-84
2285.986986,-77
2287.368749,-71
2287.659843,-82
2288.522206,-87
2288.84624,-84
2289.648634,-80
