time,rssi
1501.5981,-76
1502.179357,-80
1503.038341,-83
1503.645904,-82
1504.469675,-82
1505.335577,-81
1506.188097,-80
