time,rssi
1501.5981,-74
1502.179357,-79
1503.038341,-85
1503.645904,-89
1504.469675,-85
1505.335577,-77
1506.188097,-83
