time,rssi
1501.5981,-74
1502.179357,-79
1503.038341,-85
1503.645904,-89
1504.469675,-85
1505.335577,-77
1506.188097,-83
1507.044294,-81
1508.202365,-74
1508.474265,-80
1509.050543,-72
1511.348165,-81
1512.2043,-79
1513.635723,-86
1514.78077,-87
1515.350694,-77
1516.208497,-81
