time,rssi
2102.092881,-85
2102.662599,-82
2104.083706,-81
2104.650058,-87
2105.801135,-86
2106.658877,-80
2107.812428,-79
2109.241305,-85
2109.813622,-89
2110.956634,-84
2111.242505,-82
2111.811392,-82
2113.240793,-75
2114.09366,-79
2114.949877,-89
2116.396288,-86
