time,rssi
2102.092881,-81
2102.662599,-82
2104.083706,-83
2104.650058,-83
2105.801135,-82
2106.658877,-81
