time,rssi
2102.092881,-85
2102.662599,-82
2104.083706,-81
2104.650058,-87
2105.801135,-86
2106.658877,-80
