time,rssi
1580.34851,-83
1581.203535,-84
1582.935892,-84
1585.209698,-82
