time,rssi
1580.34851,-83
1581.203535,-80
1582.935892,-90
1585.209698,-87
1586.380269,-76
1587.597489,-79
1587.787295,-85
1588.506061,-80
1588.927603,-79
1590.076105,-78
