time,rssi
1580.34851,-83
1581.203535,-80
1582.935892,-90
1585.209698,-87
