time,rssi
3154.486925,-77
3155.059181,-76
3156.193047,-76
3157.338077,-77
3158.194314,-77
3159.043427,-77
