time,rssi
3154.486925,-81
3155.059181,-77
3156.193047,-74
3157.338077,-77
3158.194314,-77
3159.043427,-81
3159.616931,-78
3160.776807,-73
3161.348134,-85
3163.070657,-80
3163.641923,-82
3164.212834,-74
3165.158464,-86
3165.926903,-89
3166.540632,-84
3167.073108,-78
3167.373998,-82
3169.083169,-76
3169.376311,-78
