time,rssi
3154.486925,-81
3155.059181,-77
3156.193047,-74
3157.338077,-77
3158.194314,-77
3159.043427,-81
