time,rssi
766.222383,-89
767.59013,-90
768.134908,-90
769.505611,-77
769.780114,-78
770.060062,-86
770.610133,-78
771.15896,-75
774.182983,-86
775.266777,-84
776.353919,-77
777.173998,-78
778.261753,-79
779.365262,-78
779.918235,-90
