time,rssi
775.266777,-84
776.353919,-77
777.173998,-78
778.261753,-79
779.365262,-78
779.918235,-90
