time,rssi
775.266777,-80
776.353919,-79
777.173998,-78
778.261753,-80
779.365262,-80
779.918235,-84
