time,rssi
1993.988142,-78
1994.536052,-77
1995.091579,-77
1995.633189,-77
1998.684352,-79
