time,rssi
1993.988142,-79
1994.536052,-77
1995.091579,-76
1995.633189,-79
1998.684352,-78
