time,rssi
1990.140881,-86
1991.242235,-84
1992.35062,-93
1992.8957,-75
1993.988142,-79
1994.536052,-77
1995.091579,-76
1995.633189,-79
1998.684352,-78
