time,rssi
3577.190523,-72
3577.463033,-71
3578.004988,-70
3578.841081,-73
3579.366418,-73
3579.630582,-74
3580.177321,-71
3580.991752,-71
3581.262097,-71
3582.071304,-69
3584.246997,-74
3585.066021,-71
3586.161943,-72
3586.976652,-71
