time,rssi
3582.071304,-71
3584.246997,-71
3585.066021,-71
3586.161943,-74
3586.976652,-76
