time,rssi
3582.071304,-69
3584.246997,-74
3585.066021,-71
3586.161943,-72
3586.976652,-71
