time,rssi
2147.065753,-82
2148.978618,-85
2149.270289,-81
2150.354472,-78
