time,rssi
2135.827633,-74
2136.075552,-76
2136.630648,-76
2136.903103,-79
2137.450695,-91
2137.999404,-75
2138.54445,-72
2139.615982,-85
2142.367021,-79
2143.205683,-80
2145.127073,-81
2147.065753,-78
2148.978618,-89
2149.270289,-84
2150.354472,-90
