time,rssi
2147.065753,-78
2148.978618,-89
2149.270289,-84
2150.354472,-90
