time,rssi
2142.367021,-79
2143.205683,-80
2145.127073,-81
2147.065753,-78
2148.978618,-89
2149.270289,-84
2150.354472,-90
