time,rssi
691.335929,-78
692.461309,-80
693.346072,-76
693.891222,-79
694.171259,-73
695.331332,-79
696.184629,-71
