time,rssi
691.335929,-78
692.461309,-78
693.346072,-76
693.891222,-77
694.171259,-75
695.331332,-76
696.184629,-76
