time,rssi
681.265018,-79
682.1338,-75
683.625702,-78
684.432579,-76
685.008416,-76
685.291325,-76
687.023739,-85
688.176236,-83
689.367503,-79
691.335929,-78
692.461309,-80
693.346072,-76
693.891222,-79
694.171259,-73
695.331332,-79
696.184629,-71
