time,rssi
732.636266,-83
732.871394,-83
733.416444,-84
733.981911,-84
734.267961,-85
735.696671,-85
736.273882,-85
737.415473,-85
