time,rssi
728.316673,-84
729.113992,-83
729.97441,-82
732.636266,-84
732.871394,-83
733.416444,-84
733.981911,-82
734.267961,-91
735.696671,-83
736.273882,-83
737.415473,-93
