time,rssi
3290.808943,-84
3291.327899,-82
3292.528293,-79
3293.612952,-80
3294.481266,-85
3295.32544,-78
3295.615503,-84
3296.535734,-84
3296.771708,-87
3298.494198,-82
3300.222022,-78
3301.649222,-86
3302.79307,-78
3304.232548,-76
3304.799263,-82
