time,rssi
3300.222022,-78
3301.649222,-86
3302.79307,-78
3304.232548,-76
3304.799263,-82
