time,rssi
3300.222022,-81
3301.649222,-80
3302.79307,-79
3304.232548,-78
3304.799263,-77
