time,rssi
3044.329631,-85
3045.479899,-89
3046.345769,-81
3046.766966,-89
3047.744989,-81
3048.319276,-83
3049.177309,-74
3050.609802,-80
3051.762198,-83
3052.338314,-82
3054.064981,-74
