time,rssi
3049.177309,-74
3050.609802,-80
3051.762198,-83
3052.338314,-82
3054.064981,-74
