time,rssi
3049.177309,-79
3050.609802,-80
3051.762198,-79
3052.338314,-77
3054.064981,-77
