time,rssi
732.406137,-76
733.274929,-84
734.418729,-82
734.992399,-84
735.571189,-77
737.289929,-82
