time,rssi
722.383676,-85
723.524932,-74
724.11461,-73
724.391128,-67
724.685094,-71
724.98748,-68
725.254092,-67
725.545703,-64
726.114981,-67
726.681198,-62
727.541293,-75
728.111236,-93
729.257792,-71
729.537383,-75
729.826363,-73
730.972435,-78
731.851042,-81
732.406137,-76
733.274929,-84
734.418729,-82
734.992399,-84
735.571189,-77
737.289929,-82
