time,rssi
732.406137,-79
733.274929,-81
734.418729,-80
734.992399,-80
735.571189,-80
737.289929,-81
