time,rssi
2259.850631,-76
2260.138014,-76
2261.274355,-74
2262.133601,-75
2262.410567,-77
2263.565656,-80
