time,rssi
2254.404319,-71
2254.976692,-79
2256.995631,-79
2257.556761,-74
2258.414498,-77
2259.850631,-74
2260.138014,-78
2261.274355,-80
2262.133601,-70
2262.410567,-72
2263.565656,-85
