time,rssi
2259.850631,-74
2260.138014,-78
2261.274355,-80
2262.133601,-70
2262.410567,-72
2263.565656,-85
