time,rssi
3106.744871,-79
3109.03743,-78
3109.63954,-78
3109.894824,-77
