time,rssi
3106.744871,-81
3109.03743,-77
3109.63954,-80
3109.894824,-76
