time,rssi
3098.162364,-78
3100.151268,-83
3106.744871,-81
3109.03743,-77
3109.63954,-80
3109.894824,-76
