time,rssi
3041.22399,-84
3042.078605,-85
3042.938579,-84
3044.128525,-83
3044.678068,-80
3045.242272,-80
