time,rssi
3035.524762,-80
3036.636064,-81
3039.229295,-84
3041.22399,-83
3042.078605,-89
3042.938579,-85
3044.128525,-87
3044.678068,-79
3045.242272,-80
