time,rssi
2253.099952,-76
2253.649257,-72
2254.220768,-77
2254.513033,-77
2254.784183,-80
2255.647965,-94
2256.530092,-76
2257.070404,-76
2257.651645,-81
2257.929213,-79
2260.227519,-84
2260.507674,-84
2261.0717,-83
2262.509198,-77
