time,rssi
2257.651645,-81
2257.929213,-79
2260.227519,-84
2260.507674,-84
2261.0717,-83
2262.509198,-77
