time,rssi
2257.651645,-80
2257.929213,-81
2260.227519,-82
2260.507674,-81
2261.0717,-79
2262.509198,-79
