time,rssi
3147.364209,-79
3147.947328,-78
3149.085423,-79
3150.510472,-78
3151.949776,-78
