time,rssi
1536.857873,-78
1537.120952,-80
1537.974637,-85
1538.827136,-87
1541.693751,-84
1542.271984,-92
1547.99572,-91
1548.557069,-82
1549.408327,-84
1549.999215,-74
