time,rssi
3137.903022,-77
3139.051699,-82
3140.202568,-79
3140.774337,-75
3143.671465,-81
3144.212894,-72
3144.560442,-73
3144.879081,-73
3146.21804,-80
3147.364209,-79
3147.947328,-78
3149.085423,-79
3150.510472,-78
3151.949776,-78
