time,rssi
1541.693751,-84
1542.271984,-92
1547.99572,-91
1548.557069,-82
1549.408327,-84
1549.999215,-74
