time,rssi
3147.364209,-77
3147.947328,-77
3149.085423,-77
3150.510472,-78
3151.949776,-78
