time,rssi
1511.323227,-79
1513.034423,-84
1515.645111,-81
1518.469502,-90
1521.343306,-81
1521.90948,-78
1522.21021,-82
1523.923323,-79
1525.058371,-77
1526.484654,-73
1527.924646,-71
1529.078885,-69
1529.360723,-67
1531.097631,-74
1531.372227,-71
1532.809085,-78
1533.954786,-85
1536.857873,-78
1537.120952,-80
1537.974637,-85
1538.827136,-87
1541.693751,-84
1542.271984,-92
1547.99572,-91
1548.557069,-82
1549.408327,-84
1549.999215,-74
