time,rssi
1547.99572,-91
1548.557069,-82
1549.408327,-84
1549.999215,-74
