time,rssi
731.469216,-76
731.753354,-81
733.753347,-74
734.327988,-68
735.18758,-70
735.767886,-66
