time,rssi
726.874478,-82
727.729493,-81
728.88522,-78
729.176557,-82
730.03732,-77
731.469216,-76
731.753354,-81
733.753347,-74
734.327988,-68
735.18758,-70
735.767886,-66
