time,rssi
731.469216,-77
731.753354,-75
733.753347,-72
734.327988,-70
735.18758,-71
735.767886,-71
