time,rssi
3566.58504,-76
3566.886294,-85
3567.325526,-77
3568.466826,-89
3569.66014,-77
3572.179398,-81
3572.464299,-77
3573.901928,-81
3574.536787,-79
3575.328063,-83
3576.469425,-72
3577.90465,-78
3578.817336,-78
3579.049521,-82
3579.622856,-79
