time,rssi
3575.328063,-83
3576.469425,-72
3577.90465,-78
3578.817336,-78
3579.049521,-82
3579.622856,-79
