time,rssi
3569.66014,-77
3572.179398,-81
3572.464299,-77
3573.901928,-81
3574.536787,-79
3575.328063,-83
3576.469425,-72
3577.90465,-78
3578.817336,-78
3579.049521,-82
3579.622856,-79
