time,rssi
3575.328063,-78
3576.469425,-76
3577.90465,-78
3578.817336,-78
3579.049521,-78
3579.622856,-78
