time,rssi
758.862534,-77
759.149413,-74
759.429687,-88
760.29238,-90
761.189471,-82
762.977888,-90
763.522211,-86
