time,rssi
758.862534,-80
759.149413,-82
759.429687,-84
760.29238,-85
761.189471,-85
762.977888,-84
763.522211,-83
