time,rssi
754.351736,-73
754.855031,-75
755.138727,-78
755.990577,-79
756.852522,-87
757.142612,-87
758.862534,-77
759.149413,-74
759.429687,-88
760.29238,-90
761.189471,-82
762.977888,-90
763.522211,-86
