time,rssi
757.062214,-80
758.468969,-85
759.687758,-83
759.932271,-87
760.47515,-79
761.385162,-72
762.760339,-77
763.05032,-86
764.764014,-78
765.047769,-85
766.767783,-84
767.376887,-80
767.63166,-77
768.492738,-78
770.211556,-77
771.370228,-76
