time,rssi
766.767783,-84
767.376887,-80
767.63166,-77
768.492738,-78
770.211556,-77
771.370228,-76
