time,rssi
766.767783,-80
767.376887,-79
767.63166,-78
768.492738,-77
770.211556,-76
771.370228,-77
