time,rssi
3568.405661,-84
3569.008456,-75
3569.535523,-79
3570.969115,-89
3571.830389,-76
3572.985386,-80
3573.850362,-89
3575.019172,-76
3575.279091,-79
3575.859131,-77
3576.726907,-82
3577.436585,-80
3577.864079,-79
3579.629069,-79
3580.437889,-83
3581.047802,-85
3581.305359,-87
3581.902508,-84
3582.164105,-84
3583.326706,-80
