time,rssi
3579.629069,-81
3580.437889,-83
3581.047802,-84
3581.305359,-84
3581.902508,-83
3582.164105,-82
3583.326706,-82
