time,rssi
3579.629069,-79
3580.437889,-83
3581.047802,-85
3581.305359,-87
3581.902508,-84
3582.164105,-84
3583.326706,-80
