time,rssi
737.091642,-80
737.674703,-86
737.958201,-88
738.246766,-88
740.531642,-79
741.971777,-76
