time,rssi
732.2192,-83
733.373042,-80
733.659158,-83
735.090418,-92
735.651708,-79
736.225575,-80
737.091642,-80
737.674703,-86
737.958201,-88
738.246766,-88
740.531642,-79
741.971777,-76
