time,rssi
737.091642,-83
737.674703,-85
737.958201,-84
738.246766,-82
740.531642,-81
741.971777,-80
