time,rssi
810.331272,-75
811.180613,-74
812.040531,-74
812.929282,-93
813.200311,-80
813.751826,-79
814.603138,-80
815.178222,-81
