time,rssi
810.331272,-75
811.180613,-78
812.040531,-80
812.929282,-82
813.200311,-80
813.751826,-80
814.603138,-80
815.178222,-80
