time,rssi
800.564239,-87
800.849285,-92
801.419262,-80
802.280494,-78
802.855646,-83
803.70055,-80
803.986989,-81
804.853423,-83
806.289352,-87
806.864048,-81
807.73326,-78
808.306878,-78
809.174382,-77
810.331272,-75
811.180613,-74
812.040531,-74
812.929282,-93
813.200311,-80
813.751826,-79
814.603138,-80
815.178222,-81
