time,rssi
3539.806954,-77
3540.999178,-73
3541.23958,-72
3543.246888,-84
3547.2259,-77
3548.37078,-73
3551.525817,-78
3554.393304,-76
3554.679369,-77
3556.694725,-79
3556.98187,-77
3557.878934,-73
3559.562266,-69
3559.844489,-71
3560.700487,-76
3560.980744,-81
3562.42463,-67
3563.006712,-77
3563.855712,-74
3564.991962,-73
3567.528497,-77
3567.565791,-80
3573.594802,-86
3576.853033,-76
3577.053346,-80
3579.627109,-81
