time,rssi
3576.853033,-76
3577.053346,-80
3579.627109,-81
