time,rssi
3564.991962,-73
3567.528497,-77
3567.565791,-80
3573.594802,-86
3576.853033,-76
3577.053346,-80
3579.627109,-81
