time,rssi
3573.594802,-86
3576.853033,-76
3577.053346,-80
3579.627109,-81
