time,rssi
3576.853033,-79
3577.053346,-78
3579.627109,-78
