time,rssi
1555.931233,-84
1556.858236,-87
1557.07734,-77
1558.531281,-82
1558.787413,-78
1559.35619,-76
1560.258078,-80
1560.507217,-77
