time,rssi
1545.621859,-88
1546.781762,-86
1547.62349,-81
1547.915057,-83
1548.768428,-84
1549.915969,-78
1550.786683,-90
1551.651896,-80
1552.220056,-83
1553.067547,-83
1553.349925,-85
1553.637848,-80
1554.496102,-88
1555.076377,-86
1555.931233,-84
1556.858236,-87
1557.07734,-77
1558.531281,-82
1558.787413,-78
1559.35619,-76
1560.258078,-80
1560.507217,-77
