time,rssi
1555.931233,-83
1556.858236,-82
1557.07734,-80
1558.531281,-79
1558.787413,-78
1559.35619,-78
1560.258078,-77
1560.507217,-77
