time,rssi
3579.480102,-78
3580.900105,-77
3581.186177,-84
3582.649156,-81
3582.893822,-80
3583.181435,-81
3584.332051,-79
