time,rssi
3574.623756,-78
3575.485066,-78
3576.422276,-77
3576.628768,-89
3578.786672,-75
3578.912513,-75
3579.480102,-78
3580.900105,-77
3581.186177,-84
3582.649156,-81
3582.893822,-80
3583.181435,-81
3584.332051,-79
