time,rssi
3579.480102,-78
3580.900105,-79
3581.186177,-80
3582.649156,-80
3582.893822,-80
3583.181435,-80
3584.332051,-79
