time,rssi
3577.327101,-81
3578.190561,-76
3582.20091,-79
