time,rssi
3577.327101,-77
3578.190561,-76
3582.20091,-75
