time,rssi
3568.455971,-76
3569.58711,-80
3570.443329,-75
3571.020751,-83
3572.738506,-78
3573.329406,-70
3573.878286,-80
3574.458397,-77
3575.383586,-79
3576.189693,-74
3576.472484,-75
3577.327101,-81
3578.190561,-76
3582.20091,-79
