time,rssi
3571.562358,-91
3572.392089,-86
3573.532056,-83
3574.689856,-78
3577.294032,-91
3581.000866,-84
3581.854652,-78
3583.865972,-78
3585.58714,-83
