time,rssi
3546.323324,-80
3548.042349,-86
3548.947926,-75
3549.193521,-83
3550.331696,-78
3552.341981,-83
3555.842513,-82
3558.362087,-76
3558.935817,-80
3560.531721,-85
3563.517161,-84
3564.369656,-76
3566.091115,-84
3567.814513,-85
3569.534568,-73
3570.106993,-79
3571.562358,-91
3572.392089,-86
3573.532056,-83
3574.689856,-78
3577.294032,-91
3581.000866,-84
3581.854652,-78
3583.865972,-78
3585.58714,-83
