time,rssi
3581.000866,-84
3581.854652,-78
3583.865972,-78
3585.58714,-83
