time,rssi
3581.000866,-81
3581.854652,-80
3583.865972,-79
3585.58714,-79
