time,rssi
3204.619634,-84
3205.18462,-84
3206.332165,-77
3207.488315,-81
3208.951061,-81
3209.49233,-78
