time,rssi
3200.009777,-75
3202.024657,-80
3203.783262,-75
3204.619634,-84
3205.18462,-84
3206.332165,-77
3207.488315,-81
3208.951061,-81
3209.49233,-78
