time,rssi
3204.619634,-80
3205.18462,-80
3206.332165,-79
3207.488315,-79
3208.951061,-78
3209.49233,-76
