time,rssi
1578.704863,-83
1579.281035,-78
1580.996064,-82
1581.287285,-81
1582.144755,-83
1583.603872,-78
1584.444021,-78
1584.729834,-84
1585.868577,-77
1586.459986,-86
1586.717447,-94
1587.58567,-82
1587.879681,-75
1588.731277,-86
1589.599968,-85
1590.478265,-79
1591.896236,-82
1592.470904,-76
