time,rssi
1587.58567,-82
1587.879681,-82
1588.731277,-82
1589.599968,-82
1590.478265,-80
1591.896236,-80
1592.470904,-78
