time,rssi
1587.58567,-82
1587.879681,-75
1588.731277,-86
1589.599968,-85
1590.478265,-79
1591.896236,-82
1592.470904,-76
