time,rssi
1496.805843,-91
1499.379682,-83
1499.948438,-86
1504.543434,-89
1506.30198,-78
1506.531359,-83
1507.128836,-78
1507.393451,-81
1507.969769,-75
1508.858153,-85
1509.114657,-75
1510.541024,-74
1511.401018,-84
