time,rssi
1506.531359,-83
1507.128836,-78
1507.393451,-81
1507.969769,-75
1508.858153,-85
1509.114657,-75
1510.541024,-74
1511.401018,-84
