time,rssi
1506.531359,-81
1507.128836,-79
1507.393451,-80
1507.969769,-78
1508.858153,-78
1509.114657,-77
1510.541024,-78
1511.401018,-82
