time,rssi
856.53901,-91
857.686457,-79
859.111602,-81
862.262219,-79
863.96757,-78
865.673824,-80
866.242679,-80
866.815194,-80
867.671473,-78
868.251745,-79
869.102739,-74
869.392069,-73
870.543951,-77
