time,rssi
865.673824,-79
866.242679,-79
866.815194,-79
867.671473,-77
868.251745,-76
869.102739,-75
869.392069,-76
870.543951,-76
