time,rssi
600.549304,-77
601.746176,-80
601.97803,-82
603.119084,-86
604.625048,-80
605.129807,-79
605.975413,-83
606.567913,-79
606.846519,-87
608.586091,-83
612.014074,-77
614.585465,-89
