time,rssi
612.014074,-77
614.585465,-89
