time,rssi
612.014074,-81
614.585465,-83
