time,rssi
1449.056047,-75
1449.330545,-76
1450.181753,-73
1450.748059,-74
1451.603331,-73
1452.750248,-73
1453.033047,-74
