time,rssi
1449.056047,-72
1449.330545,-82
1450.181753,-69
1450.748059,-77
1451.603331,-68
1452.750248,-76
1453.033047,-74
