time,rssi
1438.460285,-89
1439.610097,-86
1439.880867,-80
1440.456989,-81
1440.740384,-78
1441.595453,-85
1442.735523,-83
1443.623594,-79
1444.151773,-87
1444.441986,-78
1445.684349,-78
1447.025271,-73
1447.601668,-82
1449.056047,-72
1449.330545,-82
1450.181753,-69
1450.748059,-77
1451.603331,-68
1452.750248,-76
1453.033047,-74
