time,rssi
1443.623594,-79
1444.151773,-87
1444.441986,-78
1445.684349,-78
1447.025271,-73
1447.601668,-82
1449.056047,-72
1449.330545,-82
1450.181753,-69
1450.748059,-77
1451.603331,-68
1452.750248,-76
1453.033047,-74
