time,rssi
1532.76041,-80
1533.051243,-77
1533.901207,-78
1534.473678,-76
1534.760988,-76
1535.904487,-75
1536.776711,-75
1537.342497,-76
