time,rssi
1532.76041,-82
1533.051243,-70
1533.901207,-84
1534.473678,-73
1534.760988,-77
1535.904487,-76
1536.776711,-75
1537.342497,-76
