time,rssi
1714.233501,-76
1715.137787,-75
1715.382122,-76
1716.524714,-79
1716.830742,-79
1717.66582,-80
1718.322799,-78
1718.527068,-79
