time,rssi
1714.233501,-77
1715.137787,-71
1715.382122,-78
1716.524714,-76
1716.830742,-79
1717.66582,-89
1718.322799,-75
1718.527068,-82
