time,rssi
731.375926,-81
733.71151,-78
733.963387,-77
735.946029,-76
736.227614,-77
