time,rssi
731.375926,-86
733.71151,-78
733.963387,-80
735.946029,-74
736.227614,-73
