time,rssi
727.166009,-86
727.364672,-87
728.219588,-85
729.464573,-75
729.657086,-90
730.229655,-79
731.375926,-86
733.71151,-78
733.963387,-80
735.946029,-74
736.227614,-73
