time,rssi
2097.032528,-82
2097.911118,-81
2098.191229,-81
2099.337532,-80
2099.911325,-81
2101.094408,-81
2101.339985,-81
