time,rssi
2092.164984,-78
2092.845616,-73
2093.027423,-83
2094.173741,-79
2095.59877,-74
2096.174962,-80
2097.032528,-87
2097.911118,-79
2098.191229,-88
2099.337532,-77
2099.911325,-81
2101.094408,-80
2101.339985,-84
