time,rssi
2097.032528,-87
2097.911118,-79
2098.191229,-88
2099.337532,-77
2099.911325,-81
2101.094408,-80
2101.339985,-84
