time,rssi
2336.64828,-80
2337.510726,-76
2338.40323,-87
2339.238917,-86
2340.952035,-82
2341.526013,-78
2341.809552,-78
2342.383336,-79
2342.958262,-78
2343.240847,-82
2343.527136,-83
2344.092035,-87
2344.384094,-87
2344.955789,-80
2346.680234,-88
2346.959555,-80
2347.253527,-80
2349.246436,-86
2351.252426,-84
2351.534726,-87
