time,rssi
2346.680234,-83
2346.959555,-82
2347.253527,-83
2349.246436,-84
2351.252426,-81
2351.534726,-78
