time,rssi
2346.680234,-88
2346.959555,-80
2347.253527,-80
2349.246436,-86
2351.252426,-84
2351.534726,-87
