time,rssi
3577.135189,-86
3577.703647,-84
3579.712641,-79
3580.86277,-74
3581.706331,-82
