time,rssi
3571.997695,-76
3572.575969,-80
3572.854429,-81
3574.296797,-75
3574.567087,-72
3575.711272,-82
3577.135189,-86
3577.703647,-84
3579.712641,-79
3580.86277,-74
3581.706331,-82
