time,rssi
3577.135189,-81
3577.703647,-79
3579.712641,-79
3580.86277,-78
3581.706331,-80
