time,rssi
3582.753984,-83
3583.056386,-78
3584.484122,-81
3585.05533,-81
3586.848884,-78
3587.3455,-77
