time,rssi
3579.323277,-79
3580.178987,-80
3581.356202,-78
3581.607774,-75
3582.753984,-83
3583.056386,-78
3584.484122,-81
3585.05533,-81
3586.848884,-78
3587.3455,-77
