time,rssi
3582.753984,-79
3583.056386,-79
3584.484122,-79
3585.05533,-78
3586.848884,-78
3587.3455,-77
