time,rssi
2074.760997,-85
2075.628514,-75
2077.330981,-93
2078.478492,-70
2078.775171,-77
2079.33848,-71
2080.20973,-86
2081.920357,-77
2082.780345,-75
2083.052218,-75
2085.342221,-80
2086.487689,-86
2087.623642,-82
2088.482626,-81
2089.651745,-80
