time,rssi
2085.342221,-80
2086.487689,-86
2087.623642,-82
2088.482626,-81
2089.651745,-80
