time,rssi
2085.342221,-80
2086.487689,-81
2087.623642,-80
2088.482626,-79
2089.651745,-79
