time,rssi
2812.350492,-83
2812.592425,-78
2813.170471,-84
2814.305754,-78
2815.74706,-80
2816.31831,-82
2817.334192,-80
2818.033243,-80
2818.315794,-78
2819.474906,-83
2820.317044,-84
2821.509258,-79
2821.742037,-80
