time,rssi
2817.334192,-79
2818.033243,-80
2818.315794,-80
2819.474906,-81
2820.317044,-80
2821.509258,-80
2821.742037,-80
