time,rssi
2817.334192,-80
2818.033243,-80
2818.315794,-78
2819.474906,-83
2820.317044,-84
2821.509258,-79
2821.742037,-80
