time,rssi
1502.711095,-74
1502.966241,-78
1505.261204,-73
1506.985104,-81
1507.274289,-78
1507.563748,-86
