time,rssi
1492.933483,-77
1494.078518,-84
1495.527094,-82
1497.2449,-86
1498.106059,-75
1499.285847,-75
1500.111055,-80
1500.45159,-76
1502.711095,-74
1502.966241,-78
1505.261204,-73
1506.985104,-81
1507.274289,-78
1507.563748,-86
