time,rssi
1502.711095,-75
1502.966241,-76
1505.261204,-76
1506.985104,-79
1507.274289,-81
1507.563748,-82
