time,rssi
695.862437,-82
696.259738,-79
697.6538,-79
697.967488,-77
698.433783,-76
698.538887,-76
699.120772,-80
699.968797,-82
700.737195,-84
700.820622,-81
