time,rssi
691.461599,-84
691.656184,-86
692.41193,-83
692.520128,-83
693.968402,-79
695.862437,-91
696.259738,-76
697.6538,-79
697.967488,-79
698.433783,-78
698.538887,-72
699.120772,-77
699.968797,-81
700.737195,-91
700.820622,-85
