time,rssi
3582.183464,-82
3582.706806,-84
3583.56669,-75
3585.006927,-82
