time,rssi
3576.774684,-83
3577.848052,-85
3579.845739,-80
3582.183464,-82
3582.706806,-84
3583.56669,-75
3585.006927,-82
