time,rssi
3582.183464,-81
3582.706806,-80
3583.56669,-81
3585.006927,-82
