time,rssi
3570.820059,-77
3570.996798,-78
3571.287962,-82
3572.441838,-85
3573.01059,-86
3573.294375,-78
3574.425508,-84
3576.774684,-83
3577.848052,-85
3579.845739,-80
3582.183464,-82
3582.706806,-84
3583.56669,-75
3585.006927,-82
