time,rssi
3577.144107,-76
3578.322326,-75
3578.580453,-74
3579.150516,-73
3580.291765,-73
