time,rssi
3567.711517,-77
3568.851634,-84
3570.034043,-79
3572.018607,-79
3573.252059,-80
3574.011643,-74
3577.144107,-80
3578.322326,-73
3578.580453,-77
3579.150516,-74
3580.291765,-68
