time,rssi
734.828992,-76
735.79422,-76
736.551393,-74
737.713746,-77
737.987727,-80
738.564011,-70
739.71705,-73
740.85785,-78
741.719785,-81
742.565259,-78
742.851571,-78
743.713051,-79
