time,rssi
739.71705,-73
740.85785,-78
741.719785,-81
742.565259,-78
742.851571,-78
743.713051,-79
