time,rssi
2083.722893,-78
2084.342717,-75
2085.726618,-78
2086.294205,-71
2087.727616,-74
2088.010227,-71
2088.585205,-69
