time,rssi
2073.676561,-83
2074.313868,-77
2075.114086,-78
2077.405543,-80
2078.260264,-84
2079.41034,-73
2080.279036,-71
2081.147723,-88
2082.290172,-77
2083.722893,-78
2084.342717,-75
2085.726618,-78
2086.294205,-71
2087.727616,-74
2088.010227,-71
2088.585205,-69
