time,rssi
739.71705,-76
740.85785,-77
741.719785,-78
742.565259,-78
742.851571,-79
743.713051,-80
