time,rssi
2083.722893,-77
2084.342717,-75
2085.726618,-75
2086.294205,-73
2087.727616,-72
2088.010227,-70
2088.585205,-71
