time,rssi
897.889451,-84
899.306504,-89
900.469037,-78
901.035262,-81
