time,rssi
891.335954,-87
891.573941,-79
892.718042,-82
894.150294,-76
895.5866,-81
895.95455,-86
897.889451,-84
899.306504,-89
900.469037,-78
901.035262,-81
