time,rssi
897.889451,-83
899.306504,-83
900.469037,-80
901.035262,-81
