time,rssi
3081.932464,-79
3082.312458,-82
3082.85194,-85
3084.225159,-84
3085.369083,-77
3085.939737,-82
3086.508916,-78
3087.081934,-77
3087.947684,-75
3089.110442,-73
3089.948979,-73
3091.144288,-69
3091.379073,-82
3094.526517,-82
3096.246517,-79
