time,rssi
3091.379073,-82
3094.526517,-82
3096.246517,-79
