time,rssi
3086.508916,-78
3087.081934,-77
3087.947684,-75
3089.110442,-73
3089.948979,-73
3091.144288,-69
3091.379073,-82
3094.526517,-82
3096.246517,-79
