time,rssi
3091.379073,-78
3094.526517,-78
3096.246517,-78
