time,rssi
2274.977987,-78
2275.239629,-79
2277.033131,-92
2277.533636,-83
2279.253554,-81
