time,rssi
2274.977987,-81
2275.239629,-83
2277.033131,-84
2277.533636,-81
2279.253554,-81
