time,rssi
2265.549044,-78
2265.775897,-78
2266.142859,-84
2267.780981,-82
2268.062112,-82
2269.506065,-79
2270.094075,-84
2271.229754,-79
2272.097595,-82
2272.37212,-81
2273.527143,-83
2274.977987,-78
2275.239629,-79
2277.033131,-92
2277.533636,-83
2279.253554,-81
