time,rssi
3204.109762,-84
3205.246133,-84
3206.673645,-81
3207.262609,-77
3208.104905,-90
