time,rssi
3204.109762,-82
3205.246133,-81
3206.673645,-82
3207.262609,-80
3208.104905,-80
