time,rssi
3198.437865,-75
3199.088698,-77
3200.372261,-79
3201.533448,-83
3202.093523,-80
3202.958426,-82
3204.109762,-84
3205.246133,-84
3206.673645,-81
3207.262609,-77
3208.104905,-90
