time,rssi
2956.436238,-87
2959.578829,-85
2961.298917,-78
