time,rssi
2946.419052,-67
2946.998843,-64
2947.551096,-69
2948.692401,-67
2949.836811,-71
2950.41489,-72
2951.559927,-72
2952.125161,-75
2953.852516,-85
2954.711168,-81
2956.159195,-79
2956.436238,-87
2959.578829,-85
2961.298917,-78
