time,rssi
2951.559927,-72
2952.125161,-75
2953.852516,-85
2954.711168,-81
2956.159195,-79
2956.436238,-87
2959.578829,-85
2961.298917,-78
