time,rssi
2956.436238,-82
2959.578829,-83
2961.298917,-82
