time,rssi
677.541293,-80
678.115076,-81
679.273439,-80
679.842696,-80
681.004104,-79
681.56506,-79
681.846286,-79
