time,rssi
672.401951,-81
672.686231,-84
673.831065,-76
674.116242,-82
674.694906,-80
674.96629,-76
676.111042,-76
676.396274,-85
676.686339,-79
677.541293,-79
678.115076,-87
679.273439,-78
679.842696,-80
681.004104,-81
681.56506,-80
681.846286,-75
