time,rssi
677.541293,-79
678.115076,-87
679.273439,-78
679.842696,-80
681.004104,-81
681.56506,-80
681.846286,-75
