time,rssi
2353.560759,-83
2355.295325,-10
2355.855877,-84
2356.707111,-81
2357.91192,-93
2358.428594,-81
