time,rssi
2353.560759,-65
2355.295325,-61
2355.855877,-76
2356.707111,-78
2357.91192,-81
2358.428594,-79
