time,rssi
2350.692345,-87
2351.549466,-86
2352.413277,-82
2353.29083,-80
2353.560759,-83
2355.295325,-10
2355.855877,-84
2356.707111,-81
2357.91192,-93
2358.428594,-81
