time,rssi
2435.479615,-85
2436.333418,-80
2437.764651,-81
2438.904712,-80
2440.332118,-80
