time,rssi
2430.89203,-77
2432.614486,-77
2433.758164,-72
2434.617023,-81
2435.479615,-85
2436.333418,-80
2437.764651,-81
2438.904712,-80
2440.332118,-80
