time,rssi
2426.115112,-81
2427.003388,-84
2427.196898,-82
2428.044498,-72
2429.09018,-81
2429.184341,-84
2430.03828,-77
2430.89203,-77
2432.614486,-77
2433.758164,-72
2434.617023,-81
2435.479615,-85
2436.333418,-80
2437.764651,-81
2438.904712,-80
2440.332118,-80
