time,rssi
2435.479615,-80
2436.333418,-80
2437.764651,-80
2438.904712,-80
2440.332118,-82
