time,rssi
1570.954397,-72
1572.124209,-80
1572.38817,-81
1573.830641,-77
1574.116742,-82
1575.065867,-80
1575.96581,-73
1576.136869,-82
1577.286982,-81
1578.145533,-82
1580.998225,-75
1582.426879,-78
1583.860651,-83
1584.720732,-82
