time,rssi
1575.065867,-80
1575.96581,-73
1576.136869,-82
1577.286982,-81
1578.145533,-82
1580.998225,-75
1582.426879,-78
1583.860651,-83
1584.720732,-82
