time,rssi
1580.998225,-78
1582.426879,-79
1583.860651,-81
1584.720732,-80
