time,rssi
1580.998225,-75
1582.426879,-78
1583.860651,-83
1584.720732,-82
