time,rssi
2322.577215,-78
2323.349498,-76
2325.41573,-78
2325.917198,-77
2326.199363,-80
