time,rssi
2322.577215,-84
2323.349498,-70
2325.41573,-79
2325.917198,-76
2326.199363,-81
