time,rssi
2317.067495,-74
2317.349784,-79
2318.191991,-79
2318.7696,-83
2320.194476,-79
2320.765545,-79
2322.577215,-84
2323.349498,-70
2325.41573,-79
2325.917198,-76
2326.199363,-81
