time,rssi
685.925054,-79
686.778879,-77
687.357611,-86
689.368385,-78
690.218867,-79
