time,rssi
685.925054,-80
686.778879,-80
687.357611,-80
689.368385,-80
690.218867,-81
