time,rssi
680.472598,-83
681.052586,-86
682.261595,-84
682.777551,-81
683.642628,-81
684.782573,-83
685.07816,-80
685.925054,-79
686.778879,-77
687.357611,-86
689.368385,-78
690.218867,-79
