time,rssi
729.681889,-76
731.449595,-81
732.27436,-77
733.123326,-80
734.567202,-87
734.850539,-81
736.703724,-82
738.013383,-84
738.894698,-81
739.163121,-77
