time,rssi
734.567202,-87
734.850539,-81
736.703724,-82
738.013383,-84
738.894698,-81
739.163121,-77
