time,rssi
724.808267,-72
725.419568,-79
725.659402,-81
727.094519,-85
727.673111,-75
728.533269,-73
728.820698,-76
729.681889,-76
731.449595,-81
732.27436,-77
733.123326,-80
734.567202,-87
734.850539,-81
736.703724,-82
738.013383,-84
738.894698,-81
739.163121,-77
