time,rssi
734.567202,-82
734.850539,-82
736.703724,-82
738.013383,-81
738.894698,-82
739.163121,-82
