time,rssi
3125.223286,-79
3126.079524,-79
3126.935663,-86
3128.0931,-91
3128.372012,-96
3128.950832,-84
