time,rssi
3125.223286,-79
3126.079524,-82
3126.935663,-86
3128.0931,-87
3128.372012,-87
3128.950832,-84
