time,rssi
3119.250465,-76
3119.503214,-86
3119.789853,-72
3121.553958,-82
3123.23166,-80
3123.505746,-77
3123.790773,-76
3125.223286,-79
3126.079524,-79
3126.935663,-86
3128.0931,-91
3128.372012,-96
3128.950832,-84
