time,rssi
3576.330508,-76
3576.602326,-83
3577.469943,-79
3578.323525,-78
3579.758995,-73
3581.774961,-79
3582.638528,-81
3583.497885,-79
3584.654945,-82
3585.885465,-79
