time,rssi
3581.774961,-79
3582.638528,-81
3583.497885,-79
3584.654945,-82
3585.885465,-79
