time,rssi
3581.774961,-78
3582.638528,-79
3583.497885,-79
3584.654945,-80
3585.885465,-79
