time,rssi
3571.173436,-79
3572.88122,-78
3574.352146,-87
3575.492013,-75
3576.330508,-76
3576.602326,-83
3577.469943,-79
3578.323525,-78
3579.758995,-73
3581.774961,-79
3582.638528,-81
3583.497885,-79
3584.654945,-82
3585.885465,-79
