time,rssi
2376.356605,-79
2377.498789,-78
2378.655908,-78
2379.788528,-78
