time,rssi
2364.953988,-81
2365.200772,-80
2366.06587,-81
2367.498365,-81
2368.074696,-79
2369.209598,-72
2370.065823,-76
2370.925867,-82
2371.502183,-83
2372.365934,-82
2373.49344,-81
2374.35087,-75
2376.356605,-80
2377.498789,-80
2378.655908,-79
2379.788528,-77
