time,rssi
2370.065823,-76
2370.925867,-82
2371.502183,-83
2372.365934,-82
2373.49344,-81
2374.35087,-75
2376.356605,-80
2377.498789,-80
2378.655908,-79
2379.788528,-77
