time,rssi
2376.356605,-80
2377.498789,-80
2378.655908,-79
2379.788528,-77
