time,rssi
1683.231844,-76
1686.69098,-78
1691.855789,-85
1692.73522,-81
1694.185049,-82
1695.049481,-76
1695.961689,-73
1696.71835,-70
