time,rssi
1658.310472,-76
1662.04729,-77
1667.189383,-76
1668.072019,-79
1669.189297,-76
1669.768355,-73
1671.209492,-74
1672.638006,-76
1673.206759,-75
1674.909427,-74
1679.237359,-82
1679.506838,-85
1680.084316,-83
1683.231844,-76
1686.69098,-78
1691.855789,-85
1692.73522,-81
1694.185049,-82
1695.049481,-76
1695.961689,-73
1696.71835,-70
