time,rssi
1691.855789,-81
1692.73522,-80
1694.185049,-78
1695.049481,-75
1695.961689,-75
1696.71835,-75
