time,rssi
3571.511516,-62
3572.649051,-72
3573.798959,-71
3574.372724,-81
3575.520111,-75
3576.385076,-74
3577.821423,-82
3579.009634,-76
3579.565968,-78
3579.836223,-86
3580.689002,-86
3583.945239,-87
3584.12649,-83
3584.980143,-91
3585.854774,-83
