time,rssi
3583.945239,-87
3584.12649,-83
3584.980143,-91
3585.854774,-83
