time,rssi
3583.945239,-85
3584.12649,-85
3584.980143,-84
3585.854774,-81
