time,rssi
3576.385076,-74
3577.821423,-82
3579.009634,-76
3579.565968,-78
3579.836223,-86
3580.689002,-86
3583.945239,-87
3584.12649,-83
3584.980143,-91
3585.854774,-83
