time,rssi
1572.524031,-79
1573.132724,-83
1573.686724,-87
1574.260515,-79
1574.541616,-78
1576.835497,-78
1578.2717,-85
1579.130478,-80
1579.989296,-85
1580.845537,-82
1582.000216,-77
1584.600483,-79
1584.88583,-77
1586.880367,-84
