time,rssi
1582.000216,-78
1584.600483,-79
1584.88583,-79
1586.880367,-79
