time,rssi
1578.2717,-85
1579.130478,-80
1579.989296,-85
1580.845537,-82
1582.000216,-77
1584.600483,-79
1584.88583,-77
1586.880367,-84
