time,rssi
1582.000216,-77
1584.600483,-79
1584.88583,-77
1586.880367,-84
