time,rssi
3247.761317,-79
3248.901311,-79
3249.863206,-81
3251.678377,-86
3253.232236,-74
3253.48276,-83
3254.066093,-93
3254.62929,-80
3255.080521,-87
3256.356792,-83
3257.011352,-85
