time,rssi
3253.232236,-82
3253.48276,-83
3254.066093,-85
3254.62929,-83
3255.080521,-84
3256.356792,-83
3257.011352,-83
