time,rssi
1571.888443,-85
1572.786285,-93
1574.182046,-80
1575.603526,-87
