time,rssi
1561.328822,-75
1563.01981,-80
1563.310183,-75
1564.154528,-79
1565.007365,-77
1566.029023,-77
1566.441403,-79
1566.735358,-77
1567.301306,-78
1568.444572,-81
1569.594682,-81
1570.462056,-81
1571.888443,-85
1572.786285,-93
1574.182046,-80
1575.603526,-87
