time,rssi
1571.888443,-84
1572.786285,-85
1574.182046,-83
1575.603526,-83
