time,rssi
719.571358,-79
720.458812,-83
722.425703,-82
722.697465,-79
723.557577,-78
