time,rssi
713.629879,-74
713.867419,-79
714.471299,-78
715.293836,-83
716.152486,-77
716.719998,-80
717.292493,-75
718.441282,-77
719.571358,-79
720.458812,-83
722.425703,-82
722.697465,-79
723.557577,-78
