time,rssi
719.571358,-79
720.458812,-80
722.425703,-79
722.697465,-79
723.557577,-79
