time,rssi
1530.870965,-78
1531.443779,-87
1532.596267,-78
1533.727552,-83
1534.6005,-83
1534.863756,-81
1535.722531,-91
1536.587494,-78
1536.872368,-80
1537.732407,-72
1538.863713,-76
1539.714909,-82
1540.865006,-83
