time,rssi
1536.587494,-78
1536.872368,-80
1537.732407,-72
1538.863713,-76
1539.714909,-82
1540.865006,-83
