time,rssi
1536.587494,-78
1536.872368,-77
1537.732407,-77
1538.863713,-79
1539.714909,-80
1540.865006,-80
