time,rssi
2490.954006,-73
2491.230422,-85
2492.110727,-84
2492.664983,-79
2493.527518,-81
2494.098739,-74
2494.978334,-80
2495.533912,-81
