time,rssi
2490.954006,-77
2491.230422,-80
2492.110727,-80
2492.664983,-78
2493.527518,-78
2494.098739,-78
2494.978334,-79
2495.533912,-79
