time,rssi
2482.114844,-84
2483.524271,-94
2484.061286,-80
2485.781306,-76
2486.923716,-78
2488.07264,-80
2489.255938,-68
2489.509111,-66
2490.106318,-76
2490.954006,-73
2491.230422,-85
2492.110727,-84
2492.664983,-79
2493.527518,-81
2494.098739,-74
2494.978334,-80
2495.533912,-81
