time,rssi
1368.955855,-77
1369.825394,-81
1370.39709,-87
1370.973266,-80
1371.275001,-79
1372.957094,-86
