time,rssi
1363.592272,-82
1363.788576,-82
1364.07709,-82
1365.230796,-77
1366.090684,-82
1366.669028,-87
1367.528262,-85
1368.955855,-77
1369.825394,-81
1370.39709,-87
1370.973266,-80
1371.275001,-79
1372.957094,-86
