time,rssi
1368.955855,-81
1369.825394,-82
1370.39709,-81
1370.973266,-81
1371.275001,-80
1372.957094,-78
