time,rssi
787.365443,-78
787.653109,-83
789.644169,-74
791.074425,-77
791.933069,-84
