time,rssi
787.365443,-78
787.653109,-78
789.644169,-78
791.074425,-79
791.933069,-79
