time,rssi
777.337921,-74
779.918076,-82
780.48553,-78
781.347082,-84
782.771815,-79
783.918079,-83
785.068041,-72
785.643078,-87
785.935664,-76
786.509814,-74
787.365443,-78
787.653109,-83
789.644169,-74
791.074425,-77
791.933069,-84
