time,rssi
1493.907831,-78
1495.045448,-75
1496.187913,-72
1496.755691,-69
1498.186733,-70
1498.75847,-72
