time,rssi
1489.914055,-90
1491.346582,-77
1491.626453,-80
1492.777897,-84
1493.056503,-79
1493.907831,-78
1495.045448,-77
1496.187913,-76
1496.755691,-67
1498.186733,-67
1498.75847,-68
