time,rssi
1493.907831,-78
1495.045448,-77
1496.187913,-76
1496.755691,-67
1498.186733,-67
1498.75847,-68
