time,rssi
2263.51221,-80
2264.157694,-76
2264.941103,-79
2266.098266,-76
2266.664749,-83
2267.272292,-81
2268.10229,-81
2269.545181,-86
2270.11469,-78
2271.259867,-89
2272.471416,-75
2272.691029,-83
2273.271651,-78
2273.569387,-88
2274.696095,-79
2276.434719,-78
2276.756944,-84
2277.274799,-85
2278.424074,-84
