time,rssi
2269.545181,-86
2270.11469,-78
2271.259867,-89
2272.471416,-75
2272.691029,-83
2273.271651,-78
2273.569387,-88
2274.696095,-79
2276.434719,-78
2276.756944,-84
2277.274799,-85
2278.424074,-84
