time,rssi
2273.569387,-81
2274.696095,-80
2276.434719,-81
2276.756944,-82
2277.274799,-83
2278.424074,-82
