time,rssi
2273.569387,-88
2274.696095,-79
2276.434719,-78
2276.756944,-84
2277.274799,-85
2278.424074,-84
