time,rssi
3570.419478,-82
3571.233917,-84
3571.50225,-78
3572.648148,-75
3573.828718,-83
3574.972113,-79
3575.805703,-80
3576.670141,-77
3576.949383,-80
3577.803198,-73
3579.812505,-76
3580.08194,-74
3580.950773,-76
3581.818201,-79
3582.974769,-79
3584.39953,-83
