time,rssi
3579.812505,-75
3580.08194,-75
3580.950773,-76
3581.818201,-78
3582.974769,-78
3584.39953,-78
