time,rssi
3579.812505,-76
3580.08194,-74
3580.950773,-76
3581.818201,-79
3582.974769,-79
3584.39953,-83
