time,rssi
2282.493721,-77
2283.068655,-77
2284.499115,-77
2285.070995,-78
2286.210796,-77
2286.492094,-80
