time,rssi
2272.207019,-82
2273.371556,-88
2275.393953,-81
2275.626962,-80
2275.914447,-81
2277.05938,-83
2278.500772,-90
2281.060758,-78
2282.493721,-77
2283.068655,-75
2284.499115,-76
2285.070995,-82
2286.210796,-74
2286.492094,-84
