time,rssi
2783.485545,-82
2783.763831,-83
2784.619582,-81
2785.188441,-79
2785.783576,-78
2786.916677,-78
2787.198565,-78
2787.480973,-78
