time,rssi
2772.559765,-77
2773.128108,-78
2774.850857,-77
2775.420369,-79
2775.707185,-86
2777.15607,-81
2778.027494,-82
2779.747294,-81
2780.03463,-81
2780.607238,-84
2781.182283,-80
2782.317328,-82
2783.485545,-76
2783.763831,-88
2784.619582,-85
2785.188441,-79
2785.783576,-77
2786.916677,-76
2787.198565,-79
2787.480973,-79
