time,rssi
3039.512813,-90
3040.11061,-79
3042.680335,-81
3042.961492,-83
3043.821787,-87
3044.114296,-70
