time,rssi
3034.634032,-77
3036.635311,-84
3036.931052,-94
3038.084009,-81
3038.663124,-78
3039.512813,-90
3040.11061,-79
3042.680335,-81
3042.961492,-83
3043.821787,-87
3044.114296,-70
