time,rssi
3029.218206,-78
3029.505205,-74
3031.201514,-79
3032.340302,-78
3032.625261,-78
3033.205647,-76
3034.634032,-77
3036.635311,-84
3036.931052,-94
3038.084009,-81
3038.663124,-78
3039.512813,-90
3040.11061,-79
3042.680335,-81
3042.961492,-83
3043.821787,-87
3044.114296,-70
