time,rssi
3039.512813,-83
3040.11061,-81
3042.680335,-83
3042.961492,-80
3043.821787,-79
3044.114296,-75
