time,rssi
3110.665733,-84
3111.529176,-82
3113.018645,-82
3113.569382,-82
3114.696669,-81
3115.556669,-79
