time,rssi
3100.625169,-79
3101.47782,-73
3102.731197,-85
3102.916536,-84
3103.200303,-81
3104.346108,-80
3105.487877,-78
3107.214188,-83
3107.5016,-81
3108.375381,-85
3109.520428,-82
3110.398329,-83
3110.665733,-93
3111.529176,-80
3113.018645,-79
3113.569382,-84
3114.696669,-81
3115.556669,-81
