time,rssi
3107.214188,-83
3107.5016,-81
3108.375381,-85
3109.520428,-82
3110.398329,-83
3110.665733,-93
3111.529176,-80
3113.018645,-79
3113.569382,-84
3114.696669,-81
3115.556669,-81
