time,rssi
3110.665733,-93
3111.529176,-80
3113.018645,-79
3113.569382,-84
3114.696669,-81
3115.556669,-81
