time,rssi
942.420419,-86
943.979246,-76
944.89197,-83
945.12079,-79
947.130548,-81
947.416791,-73
