time,rssi
932.841718,-92
934.276669,-81
935.125361,-76
936.498785,-85
936.560801,-85
937.434077,-77
937.704251,-86
938.274275,-84
939.715513,-88
940.570579,-80
941.703016,-89
942.420419,-86
943.979246,-76
944.89197,-83
945.12079,-79
947.130548,-81
947.416791,-73
