time,rssi
942.420419,-82
943.979246,-80
944.89197,-81
945.12079,-78
947.130548,-78
947.416791,-77
