time,rssi
1509.406045,-81
1510.584092,-94
1511.672062,-78
1512.528932,-82
1513.96513,-81
1514.251504,-84
1516.256703,-81
1517.112848,-87
1518.254071,-78
1518.831552,-84
1519.989041,-78
1521.41534,-78
1522.845295,-84
1523.421586,-92
1523.991869,-85
