time,rssi
1519.989041,-78
1521.41534,-78
1522.845295,-84
1523.421586,-92
1523.991869,-85
