time,rssi
1519.989041,-80
1521.41534,-82
1522.845295,-84
1523.421586,-84
1523.991869,-82
