time,rssi
2227.213254,-78
2227.494654,-81
2228.058527,-84
2230.644678,-83
2232.401612,-79
2232.947894,-75
2234.074726,-86
2234.939847,-71
2236.09178,-72
2236.937188,-72
