time,rssi
2232.401612,-80
2232.947894,-78
2234.074726,-77
2234.939847,-74
2236.09178,-71
2236.937188,-68
