time,rssi
3578.473685,-79
3579.639363,-80
3581.208726,-82
3581.632562,-82
3582.799673,-82
