time,rssi
3573.337201,-79
3574.842714,-81
3575.044939,-79
3575.328521,-84
3576.787429,-85
3577.051064,-72
3577.702608,-89
3578.473685,-77
3579.639363,-77
3581.208726,-82
3581.632562,-86
3582.799673,-84
