time,rssi
3578.473685,-77
3579.639363,-77
3581.208726,-82
3581.632562,-86
3582.799673,-84
