time,rssi
3568.735599,-91
3569.050232,-87
3570.47604,-79
3571.611035,-86
3572.192178,-83
3572.479664,-79
3573.337201,-79
3574.842714,-81
3575.044939,-79
3575.328521,-84
3576.787429,-85
3577.051064,-72
3577.702608,-89
3578.473685,-77
3579.639363,-77
3581.208726,-82
3581.632562,-86
3582.799673,-84
