time,rssi
3580.444561,-72
3581.322303,-72
3582.449453,-74
3583.028579,-75
3583.596877,-78
3584.751188,-77
3585.312136,-80
