time,rssi
3580.444561,-71
3581.322303,-72
3582.449453,-72
3583.028579,-74
3583.596877,-84
3584.751188,-75
3585.312136,-83
