time,rssi
2864.805584,-68
2865.088611,-69
2865.944947,-71
2866.799885,-74
2868.041273,-78
2869.394952,-79
