time,rssi
2864.805584,-65
2865.088611,-68
2865.944947,-67
2866.799885,-72
2868.041273,-80
2869.394952,-81
