time,rssi
2859.673517,-78
2860.84688,-88
2861.39235,-80
2861.666201,-72
2862.813542,-78
2863.95114,-71
2864.805584,-65
2865.088611,-68
2865.944947,-67
2866.799885,-72
2868.041273,-80
2869.394952,-81
