time,rssi
3576.154587,-65
3577.300826,-69
3577.876563,-66
3578.155848,-68
3578.728359,-75
3579.011985,-76
3579.876025,-76
3580.444561,-71
3581.322303,-72
3582.449453,-72
3583.028579,-74
3583.596877,-84
3584.751188,-75
3585.312136,-83
