time,rssi
1474.756083,-81
1476.18978,-83
1477.34087,-81
1478.778461,-81
1479.060727,-82
