time,rssi
1469.927064,-77
1470.166816,-81
1470.733116,-80
1472.455726,-77
1473.90059,-80
1474.756083,-76
1476.18978,-92
1477.34087,-82
1478.778461,-79
1479.060727,-80
