time,rssi
1474.756083,-76
1476.18978,-92
1477.34087,-82
1478.778461,-79
1479.060727,-80
