time,rssi
1515.21505,-86
1516.926383,-75
1518.645187,-82
1519.788813,-80
