time,rssi
1505.798937,-72
1506.652489,-78
1507.783658,-74
1508.932243,-78
1509.782517,-81
1510.636319,-72
1511.491159,-82
1512.359201,-77
1512.923772,-79
1515.21505,-86
1516.926383,-75
1518.645187,-82
1519.788813,-80
