time,rssi
1515.21505,-80
1516.926383,-79
1518.645187,-79
1519.788813,-79
