time,rssi
2367.676691,-77
2367.95048,-73
2368.240161,-85
2368.807999,-80
2369.375033,-82
2370.514909,-76
2370.80375,-85
2371.126153,-80
2372.237607,-80
2372.529991,-82
2373.107557,-78
2373.401762,-81
2374.266311,-81
2376.282777,-89
2376.837639,-91
