time,rssi
2372.237607,-80
2372.529991,-82
2373.107557,-78
2373.401762,-81
2374.266311,-81
2376.282777,-89
2376.837639,-91
