time,rssi
2361.932358,-74
2362.212241,-74
2363.376712,-82
2363.648592,-77
2364.223044,-79
2364.793575,-83
2365.084837,-86
2365.369381,-85
2365.938684,-80
2366.545494,-80
2367.676691,-77
2367.95048,-73
2368.240161,-85
2368.807999,-80
2369.375033,-82
2370.514909,-76
2370.80375,-85
2371.126153,-80
2372.237607,-80
2372.529991,-82
2373.107557,-78
2373.401762,-81
2374.266311,-81
2376.282777,-89
2376.837639,-91
