time,rssi
2372.237607,-80
2372.529991,-80
2373.107557,-80
2373.401762,-82
2374.266311,-84
2376.282777,-84
2376.837639,-82
