time,rssi
2089.44066,-84
2089.690015,-83
2090.823856,-84
2091.207489,-85
2091.683304,-81
2091.962538,-77
2092.828873,-79
2093.686285,-90
2095.736399,-81
2096.550746,-78
2097.679036,-82
2098.543586,-76
