time,rssi
2084.25353,-82
2085.420574,-77
2085.682402,-86
2086.258674,-79
2087.690717,-81
2087.966259,-84
2088.253939,-78
2089.44066,-84
2089.690015,-83
2090.823856,-84
2091.207489,-85
2091.683304,-81
2091.962538,-77
2092.828873,-79
2093.686285,-90
2095.736399,-81
2096.550746,-78
2097.679036,-82
2098.543586,-76
