time,rssi
2093.686285,-82
2095.736399,-81
2096.550746,-79
2097.679036,-80
2098.543586,-80
