time,rssi
2093.686285,-90
2095.736399,-81
2096.550746,-78
2097.679036,-82
2098.543586,-76
