time,rssi
3157.054756,-77
3159.091095,-79
3159.938101,-79
3160.219746,-79
3161.076114,-77
3161.936044,-74
