time,rssi
3147.618443,-88
3148.805846,-80
3149.049656,-83
3149.722456,-78
3149.904639,-79
3150.764674,-83
3152.320104,-76
3152.468533,-86
3153.332347,-82
3153.91014,-75
3156.200987,-79
3157.054756,-74
3159.091095,-84
3159.938101,-74
3160.219746,-82
3161.076114,-86
3161.936044,-73
