time,rssi
3157.054756,-74
3159.091095,-84
3159.938101,-74
3160.219746,-82
3161.076114,-86
3161.936044,-73
