time,rssi
1525.056762,-81
1526.195401,-81
1527.070126,-79
1527.351667,-82
1528.52209,-80
1528.771661,-81
1529.344175,-79
