time,rssi
1515.889136,-75
1516.769458,-76
1517.031509,-71
1518.46405,-81
1519.320416,-89
1520.180365,-78
1521.406113,-75
1521.615402,-90
1522.239255,-87
1522.474115,-89
1523.050593,-81
1523.909028,-77
1525.056762,-84
1526.195401,-85
1527.070126,-75
1527.351667,-86
1528.52209,-72
1528.771661,-92
1529.344175,-77
