time,rssi
1525.056762,-84
1526.195401,-85
1527.070126,-75
1527.351667,-86
1528.52209,-72
1528.771661,-92
1529.344175,-77
