time,rssi
3580.665525,-81
3582.3782,-83
3582.677548,-88
3583.236799,-91
3585.424877,-79
3585.528148,-84
