time,rssi
3580.665525,-82
3582.3782,-84
3582.677548,-84
3583.236799,-84
3585.424877,-81
3585.528148,-80
