time,rssi
3575.810666,-84
3577.238158,-89
3577.518203,-75
3579.510903,-80
3580.665525,-81
3582.3782,-83
3582.677548,-88
3583.236799,-91
3585.424877,-79
3585.528148,-84
