time,rssi
3570.706157,-80
3574.374084,-80
3575.517878,-77
3577.531732,-85
3577.811725,-74
3578.666505,-76
3580.11852,-77
3581.829272,-84
3583.288237,-81
3584.104019,-75
