time,rssi
3580.11852,-77
3581.829272,-84
3583.288237,-81
3584.104019,-75
