time,rssi
3580.11852,-79
3581.829272,-79
3583.288237,-77
3584.104019,-75
