time,rssi
3544.577454,-76
3546.020414,-84
3547.574917,-78
3548.938779,-79
3551.770312,-79
3553.908967,-82
3556.356609,-79
3559.960542,-81
3563.240584,-82
3568.927786,-80
3570.706157,-80
3574.374084,-80
3575.517878,-77
3577.531732,-85
3577.811725,-74
3578.666505,-76
3580.11852,-77
3581.829272,-84
3583.288237,-81
3584.104019,-75
