time,rssi
3022.781117,-84
3024.787376,-83
3026.798691,-82
3027.65867,-80
