time,rssi
3022.781117,-86
3024.787376,-83
3026.798691,-87
3027.65867,-81
