time,rssi
3013.054714,-75
3014.194806,-89
3015.34087,-79
3016.210243,-83
3017.065818,-85
3018.829898,-79
3019.357329,-82
3020.496086,-84
3022.22285,-81
3022.781117,-86
3024.787376,-83
3026.798691,-87
3027.65867,-81
