time,rssi
3018.829898,-79
3019.357329,-82
3020.496086,-84
3022.22285,-81
3022.781117,-86
3024.787376,-83
3026.798691,-87
3027.65867,-81
