time,rssi
2329.054078,-73
2329.906495,-78
2331.350548,-76
2331.972303,-73
2332.78152,-67
2333.072744,-82
2333.930666,-70
