time,rssi
2329.054078,-76
2329.906495,-76
2331.350548,-73
2331.972303,-74
2332.78152,-73
2333.072744,-76
2333.930666,-75
