time,rssi
2319.907836,-74
2320.762828,-73
2322.481578,-82
2322.767757,-81
2323.922174,-80
2324.198967,-86
2325.056485,-78
2325.917818,-89
2327.082561,-79
2327.919501,-77
2328.377939,-79
2329.054078,-73
2329.906495,-78
2331.350548,-76
2331.972303,-73
2332.78152,-67
2333.072744,-82
2333.930666,-70
