time,rssi
2969.798565,-79
2970.939721,-78
2971.82899,-89
2972.372351,-75
2972.938674,-74
2973.810545,-75
2974.092263,-78
