time,rssi
2959.497497,-81
2959.779592,-85
2960.632254,-88
2961.484686,-86
2963.198918,-81
2964.063927,-85
2964.631179,-76
2967.24223,-77
2967.499079,-75
2968.092432,-82
2968.357287,-77
2968.648504,-82
2969.798565,-79
2970.939721,-78
2971.82899,-89
2972.372351,-75
2972.938674,-74
2973.810545,-75
2974.092263,-78
