time,rssi
2969.798565,-80
2970.939721,-80
2971.82899,-79
2972.372351,-76
2972.938674,-76
2973.810545,-77
2974.092263,-77
