time,rssi
2284.791015,-77
2286.500189,-73
2287.355999,-81
2287.72642,-79
2287.93344,-71
2289.083403,-82
2289.659773,-77
2291.088528,-81
2292.809107,-83
2293.08873,-71
2293.658555,-72
