time,rssi
2278.77221,-88
2279.345766,-83
2280.491056,-79
2281.684398,-82
2281.927127,-83
2282.779693,-84
2284.791015,-77
2286.500189,-73
2287.355999,-81
2287.72642,-79
2287.93344,-71
2289.083403,-82
2289.659773,-77
2291.088528,-81
2292.809107,-83
2293.08873,-71
2293.658555,-72
