time,rssi
2289.083403,-82
2289.659773,-77
2291.088528,-81
2292.809107,-83
2293.08873,-71
2293.658555,-72
