time,rssi
2289.083403,-78
2289.659773,-79
2291.088528,-78
2292.809107,-76
2293.08873,-77
2293.658555,-78
