time,rssi
3576.670124,-83
3577.241373,-76
3578.675099,-79
3579.248733,-75
3580.977646,-80
3581.553531,-75
