time,rssi
3576.670124,-79
3577.241373,-77
3578.675099,-78
3579.248733,-77
3580.977646,-77
3581.553531,-77
