time,rssi
3571.585932,-80
3572.682625,-73
3572.952713,-83
3573.837181,-79
3575.251101,-78
3575.528914,-83
3576.670124,-83
3577.241373,-76
3578.675099,-79
3579.248733,-75
3580.977646,-80
3581.553531,-75
