address,time,rssi
76:12:4b:b4:f0:82,9.363962999996147,-99
76:12:4b:b4:f0:82,16.28798399999505,-97
76:12:4b:b4:f0:82,19.434502000003704,-96
76:12:4b:b4:f0:82,20.655750000005355,-87
