address,time,rssi
4a:03:3a:d7:fe:d3,0.759223999993992,-91
4a:03:3a:d7:fe:d3,1.9104490000027,-82
4a:03:3a:d7:fe:d3,3.0596760000044014,-84
4a:03:3a:d7:fe:d3,3.908089000004111,-75
