address,time,rssi
4a:03:3a:d7:fe:d3,5.415720999997575,-92
4a:03:3a:d7:fe:d3,9.160436999998637,-89
4a:03:3a:d7:fe:d3,10.320475999993505,-78
4a:03:3a:d7:fe:d3,10.884699000002001,-75
4a:03:3a:d7:fe:d3,11.185131999998703,-80
4a:03:3a:d7:fe:d3,11.486499999999069,-80
4a:03:3a:d7:fe:d3,13.504547999997158,-89
4a:03:3a:d7:fe:d3,14.321311000006972,-84
