address,time,rssi
6a:7e:30:a2:fd:cd,1.3799960000033025,-69
6a:7e:30:a2:fd:cd,1.688204999998561,-72
6a:7e:30:a2:fd:cd,2.2487530000071274,-70
6a:7e:30:a2:fd:cd,2.820504000002984,-74
6a:7e:30:a2:fd:cd,3.967506000000867,-69
