address,time,rssi
4a:03:3a:d7:fe:d3,1.9779140000027837,-80
4a:03:3a:d7:fe:d3,2.551718000002438,-81
4a:03:3a:d7:fe:d3,4.6083420000068145,-74
4a:03:3a:d7:fe:d3,4.835355000002892,-64
4a:03:3a:d7:fe:d3,5.405318999997689,-91
