address,time,rssi
6a:7e:30:a2:fd:cd,1.3300250000029337,-92
6a:7e:30:a2:fd:cd,3.051519999993616,-80
6a:7e:30:a2:fd:cd,4.496906999993371,-71
6a:7e:30:a2:fd:cd,5.044926000002306,-74
6a:7e:30:a2:fd:cd,6.199905999994371,-74
6a:7e:30:a2:fd:cd,7.047321000005468,-72
6a:7e:30:a2:fd:cd,7.621138000002247,-69
