address,time,rssi
6a:7e:30:a2:fd:cd,0.9864249999955064,-82
6a:7e:30:a2:fd:cd,1.5593859999935376,-93
6a:7e:30:a2:fd:cd,2.705277000000933,-80
6a:7e:30:a2:fd:cd,3.2752049999980954,-93
6a:7e:30:a2:fd:cd,3.883927999995649,-89
6a:7e:30:a2:fd:cd,4.707641999993939,-94
6a:7e:30:a2:fd:cd,5.292809000005946,-90
6a:7e:30:a2:fd:cd,5.850141999995685,-83
6a:7e:30:a2:fd:cd,6.989188999999897,-84
6a:7e:30:a2:fd:cd,8.698833999995259,-86
6a:7e:30:a2:fd:cd,9.270332000000053,-94
