address,time,rssi
76:12:4b:b4:f0:82,1.4886720000067726,-82
76:12:4b:b4:f0:82,2.631745000006049,-90
76:12:4b:b4:f0:82,3.492937000002712,-88
76:12:4b:b4:f0:82,4.649329000007128,-81
76:12:4b:b4:f0:82,5.211559999996098,-78
76:12:4b:b4:f0:82,5.485369999994873,-77
76:12:4b:b4:f0:82,6.90293599999859,-85
76:12:4b:b4:f0:82,9.235927999994601,-88
