address,time,rssi
76:12:4b:b4:f0:82,17.762841999996454,-90
76:12:4b:b4:f0:82,18.633124999993015,-99
76:12:4b:b4:f0:82,38.36396299999615,-99
76:12:4b:b4:f0:82,45.28798399999505,-97
76:12:4b:b4:f0:82,48.434502000003704,-96
76:12:4b:b4:f0:82,49.655750000005355,-87
76:12:4b:b4:f0:82,64.1879040000058,-74
76:12:4b:b4:f0:82,64.78360999999859,-78
76:12:4b:b4:f0:82,66.20162700000219,-83
