address,time,rssi
6a:7e:30:a2:fd:cd,0.7773989999986952,-73
6a:7e:30:a2:fd:cd,1.362848999997368,-76
6a:7e:30:a2:fd:cd,2.530620999998064,-74
6a:7e:30:a2:fd:cd,3.0599439999932656,-68
6a:7e:30:a2:fd:cd,4.784534999998868,-79
6a:7e:30:a2:fd:cd,5.638779999993858,-74
