address,time,rssi
4a:03:3a:d7:fe:d3,1.988813999996637,-93
4a:03:3a:d7:fe:d3,4.6323669999983395,-86
4a:03:3a:d7:fe:d3,5.177217999997083,-83
