address,time,rssi
6a:7e:30:a2:fd:cd,0.28140500000154134,-82
6a:7e:30:a2:fd:cd,0.5752579999971204,-90
6a:7e:30:a2:fd:cd,0.8551379999989877,-86
6a:7e:30:a2:fd:cd,1.1514100000058534,-79
6a:7e:30:a2:fd:cd,1.7196810000023106,-80
