address,time,rssi
76:72:3a:71:6b:15,0.42803599999751896,-87
76:72:3a:71:6b:15,1.8654850000020815,-81
76:72:3a:71:6b:15,2.4378949999954784,-79
76:72:3a:71:6b:15,3.60457700000552,-76
76:72:3a:71:6b:15,4.445340999998734,-87
76:72:3a:71:6b:15,5.594242999999551,-73
76:72:3a:71:6b:15,6.442494000002625,-81
76:72:3a:71:6b:15,8.165563000002294,-91
