address,time,rssi
76:53:31:7d:79:31,0.2143249999935506,-80
76:53:31:7d:79:31,1.0497509999986505,-72
76:53:31:7d:79:31,2.771009000003687,-80
76:53:31:7d:79:31,3.629811000006157,-82
76:53:31:7d:79:31,4.502649000001838,-86
