address,time,rssi
72:0d:35:e3:6b:06,0.06929200000013225,-96
72:0d:35:e3:6b:06,0.9180610000039451,-81
72:0d:35:e3:6b:06,1.7682329999952344,-76
72:0d:35:e3:6b:06,2.9066020000027493,-77
72:0d:35:e3:6b:06,4.058770999996341,-72
72:0d:35:e3:6b:06,4.3428899999998976,-74
72:0d:35:e3:6b:06,5.518102000001818,-92
72:0d:35:e3:6b:06,6.946020999996108,-83
