address,time,rssi
76:72:3a:71:6b:15,1.613301000004867,-90
76:72:3a:71:6b:15,4.184347999995225,-86
76:72:3a:71:6b:15,5.6243910000048345,-86
76:72:3a:71:6b:15,6.766927000004216,-95
76:72:3a:71:6b:15,7.050577000001795,-89
76:72:3a:71:6b:15,8.4806169999938,-86
76:72:3a:71:6b:15,10.48063400000683,-88
