address,time,rssi
76:72:3a:71:6b:15,0.06298499999684282,-80
76:72:3a:71:6b:15,1.199397999997018,-83
76:72:3a:71:6b:15,2.055716000002576,-82
76:72:3a:71:6b:15,3.2006819999951404,-77
76:72:3a:71:6b:15,4.653290000002016,-87
76:72:3a:71:6b:15,5.203083999993396,-73
76:72:3a:71:6b:15,6.681637999994564,-78
76:72:3a:71:6b:15,7.570030000002589,-90
76:72:3a:71:6b:15,8.079970000006142,-91
76:72:3a:71:6b:15,10.383595000006608,-94
