address,time,rssi
76:72:3a:71:6b:15,1.2795069999992847,-94
76:72:3a:71:6b:15,3.0033059999987017,-94
76:72:3a:71:6b:15,11.5961959999986,-96
76:72:3a:71:6b:15,13.891925000003539,-92
76:72:3a:71:6b:15,15.327833999996074,-89
76:72:3a:71:6b:15,17.904492999994545,-92
76:72:3a:71:6b:15,18.51556499999424,-80
76:72:3a:71:6b:15,21.62198900000658,-85
76:72:3a:71:6b:15,25.044418999998015,-92
76:72:3a:71:6b:15,25.904529999999795,-93
76:72:3a:71:6b:15,26.752009000003454,-84
