address,time,rssi
76:53:31:7d:79:31,0.5375150000036228,-63
76:53:31:7d:79:31,1.6797150000056718,-65
76:53:31:7d:79:31,2.5420589999994263,-77
76:53:31:7d:79:31,3.1183750000054715,-70
76:53:31:7d:79:31,3.6920680000039283,-70
76:53:31:7d:79:31,4.264534000001731,-77
