address,time,rssi
76:72:3a:71:6b:15,1.5220140000019455,-84
76:72:3a:71:6b:15,4.049528999996255,-94
76:72:3a:71:6b:15,5.280075000002398,-90
