address,time,rssi
72:0d:35:e3:6b:06,5.015669999993406,-91
72:0d:35:e3:6b:06,5.889410999996471,-95
72:0d:35:e3:6b:06,9.02937699999893,-89
72:0d:35:e3:6b:06,12.295561000006273,-94
72:0d:35:e3:6b:06,15.341908999995212,-84
72:0d:35:e3:6b:06,15.624299000002793,-90
72:0d:35:e3:6b:06,16.48720200000389,-84
72:0d:35:e3:6b:06,17.340526999993017,-88
72:0d:35:e3:6b:06,18.194384999995236,-90
72:0d:35:e3:6b:06,19.3369010000024,-93
