address,time,rssi
72:0d:35:e3:6b:06,1.0020579999982147,-93
72:0d:35:e3:6b:06,1.5857879999966826,-93
72:0d:35:e3:6b:06,2.146777000001748,-87
72:0d:35:e3:6b:06,2.7416039999952773,-87
72:0d:35:e3:6b:06,3.867530000003171,-85
72:0d:35:e3:6b:06,4.72331000000122,-81
72:0d:35:e3:6b:06,5.583727000004728,-88
72:0d:35:e3:6b:06,8.45174400000542,-85
