address,time,rssi
72:0d:35:e3:6b:06,3.3568950000044424,-89
72:0d:35:e3:6b:06,3.9326770000043325,-74
72:0d:35:e3:6b:06,5.942135000004782,-88
72:0d:35:e3:6b:06,7.373170000006212,-89
72:0d:35:e3:6b:06,13.108187000005273,-96
72:0d:35:e3:6b:06,15.409323999992921,-94
72:0d:35:e3:6b:06,16.876568000006955,-95
72:0d:35:e3:6b:06,21.151800999999978,-89
