address,time,rssi
76:53:31:7d:79:31,0.27824499999405816,-65
76:53:31:7d:79:31,0.8809650000039255,-72
76:53:31:7d:79:31,1.1307680000027176,-68
76:53:31:7d:79:31,1.7020939999929396,-71
76:53:31:7d:79:31,2.2783670000062557,-67
76:53:31:7d:79:31,2.853342000002158,-71
76:53:31:7d:79:31,3.7120929999946384,-89
76:53:31:7d:79:31,4.572430000000168,-76
