address,time,rssi
72:0d:35:e3:6b:06,0.5339419999945676,-80
72:0d:35:e3:6b:06,0.8092869999964023,-77
72:0d:35:e3:6b:06,1.379239999994752,-82
72:0d:35:e3:6b:06,2.534071000001859,-76
72:0d:35:e3:6b:06,2.816768000004231,-80
72:0d:35:e3:6b:06,3.6830619999964256,-73
72:0d:35:e3:6b:06,4.535562000004575,-66
72:0d:35:e3:6b:06,5.685500999999931,-80
72:0d:35:e3:6b:06,6.542960000006133,-79
